"VAR","Variable","UNIT","Measure","COU","Country","YEA","Year","Value","Flag Codes","Flags"
"DUREA502","Mental and behavioural disorders due to alcohol","JOUPERNB","Days","AUS","Australia","1993","1993",9.1,,
"DUREA502","Mental and behavioural disorders due to alcohol","JOUPERNB","Days","AUS","Australia","1994","1994",7.3,,
"DUREA502","Mental and behavioural disorders due to alcohol","JOUPERNB","Days","AUS","Australia","1995","1995",10.8,,
"DUREA502","Mental and behavioural disorders due to alcohol","JOUPERNB","Days","AUS","Australia","1996","1996",13.1,,
"DUREA502","Mental and behavioural disorders due to alcohol","JOUPERNB","Days","AUS","Australia","1997","1997",14.7,,
"DUREA502","Mental and behavioural disorders due to alcohol","JOUPERNB","Days","AUS","Australia","1998","1998",12.1,,
"DUREA502","Mental and behavioural disorders due to alcohol","JOUPERNB","Days","AUS","Australia","1999","1999",12.9,,
"DUREA502","Mental and behavioural disorders due to alcohol","JOUPERNB","Days","AUS","Australia","2000","2000",8.5,,
"DUREA502","Mental and behavioural disorders due to alcohol","JOUPERNB","Days","AUS","Australia","2001","2001",8.4,,
"DUREA502","Mental and behavioural disorders due to alcohol","JOUPERNB","Days","AUS","Australia","2002","2002",7.2,,
"DUREA502","Mental and behavioural disorders due to alcohol","JOUPERNB","Days","AUS","Australia","2003","2003",7.3,,
"DUREA502","Mental and behavioural disorders due to alcohol","JOUPERNB","Days","AUS","Australia","2004","2004",6.8,,
"DUREA502","Mental and behavioural disorders due to alcohol","JOUPERNB","Days","AUS","Australia","2005","2005",6.6,,
"DUREA502","Mental and behavioural disorders due to alcohol","JOUPERNB","Days","AUS","Australia","2006","2006",7.2,,
"DUREA502","Mental and behavioural disorders due to alcohol","JOUPERNB","Days","AUS","Australia","2007","2007",6.7,,
"DUREA502","Mental and behavioural disorders due to alcohol","JOUPERNB","Days","AUS","Australia","2008","2008",6.7,,
"DUREA502","Mental and behavioural disorders due to alcohol","JOUPERNB","Days","AUS","Australia","2009","2009",7,,
"DUREA502","Mental and behavioural disorders due to alcohol","JOUPERNB","Days","AUS","Australia","2010","2010",7,,
"DUREA502","Mental and behavioural disorders due to alcohol","JOUPERNB","Days","AUS","Australia","2011","2011",7.1,,
"DUREA502","Mental and behavioural disorders due to alcohol","JOUPERNB","Days","AUS","Australia","2012","2012",7.2,,
"DUREA502","Mental and behavioural disorders due to alcohol","JOUPERNB","Days","AUS","Australia","2013","2013",7.4,,
"DUREA502","Mental and behavioural disorders due to alcohol","JOUPERNB","Days","AUS","Australia","2014","2014",7.3,,
"DUREA502","Mental and behavioural disorders due to alcohol","JOUPERNB","Days","AUS","Australia","2015","2015",7,,
"DUREA502","Mental and behavioural disorders due to alcohol","JOUPERNB","Days","AUS","Australia","2016","2016",7.1,,
"DUREA502","Mental and behavioural disorders due to alcohol","JOUPERNB","Days","AUS","Australia","2017","2017",7.3,,
"DUREA502","Mental and behavioural disorders due to alcohol","JOUPERNB","Days","AUS","Australia","2018","2018",7.5,,
"DUREA502","Mental and behavioural disorders due to alcohol","JOUPERNB","Days","AUS","Australia","2019","2019",7.5,,
"DUREA502","Mental and behavioural disorders due to alcohol","JOUPERNB","Days","AUT","Austria","1990","1990",26.5,,
"DUREA502","Mental and behavioural disorders due to alcohol","JOUPERNB","Days","AUT","Austria","1991","1991",25.4,,
"DUREA502","Mental and behavioural disorders due to alcohol","JOUPERNB","Days","AUT","Austria","1992","1992",25.4,,
"DUREA502","Mental and behavioural disorders due to alcohol","JOUPERNB","Days","AUT","Austria","1993","1993",24.1,,
"DUREA502","Mental and behavioural disorders due to alcohol","JOUPERNB","Days","AUT","Austria","1994","1994",23.8,,
"DUREA502","Mental and behavioural disorders due to alcohol","JOUPERNB","Days","AUT","Austria","1995","1995",23.5,,
"DUREA502","Mental and behavioural disorders due to alcohol","JOUPERNB","Days","AUT","Austria","1996","1996",26.8,,
"DUREA502","Mental and behavioural disorders due to alcohol","JOUPERNB","Days","AUT","Austria","1997","1997",21.5,,
"DUREA502","Mental and behavioural disorders due to alcohol","JOUPERNB","Days","AUT","Austria","1998","1998",19.1,,
"DUREA502","Mental and behavioural disorders due to alcohol","JOUPERNB","Days","AUT","Austria","1999","1999",18.9,,
"DUREA502","Mental and behavioural disorders due to alcohol","JOUPERNB","Days","AUT","Austria","2000","2000",19.2,,
"DUREA502","Mental and behavioural disorders due to alcohol","JOUPERNB","Days","AUT","Austria","2001","2001",17.4,,
"DUREA502","Mental and behavioural disorders due to alcohol","JOUPERNB","Days","AUT","Austria","2002","2002",18,,
"DUREA502","Mental and behavioural disorders due to alcohol","JOUPERNB","Days","AUT","Austria","2003","2003",17.8,,
"DUREA502","Mental and behavioural disorders due to alcohol","JOUPERNB","Days","AUT","Austria","2004","2004",18.3,,
"DUREA502","Mental and behavioural disorders due to alcohol","JOUPERNB","Days","AUT","Austria","2005","2005",16.8,,
"DUREA502","Mental and behavioural disorders due to alcohol","JOUPERNB","Days","AUT","Austria","2006","2006",16.7,,
"DUREA502","Mental and behavioural disorders due to alcohol","JOUPERNB","Days","AUT","Austria","2007","2007",16.4,,
"DUREA502","Mental and behavioural disorders due to alcohol","JOUPERNB","Days","AUT","Austria","2008","2008",17.9,,
"DUREA502","Mental and behavioural disorders due to alcohol","JOUPERNB","Days","AUT","Austria","2009","2009",16.3,,
"DUREA502","Mental and behavioural disorders due to alcohol","JOUPERNB","Days","AUT","Austria","2010","2010",16.3,,
"DUREA502","Mental and behavioural disorders due to alcohol","JOUPERNB","Days","AUT","Austria","2011","2011",15.8,,
"DUREA502","Mental and behavioural disorders due to alcohol","JOUPERNB","Days","AUT","Austria","2012","2012",16.1,,
"DUREA502","Mental and behavioural disorders due to alcohol","JOUPERNB","Days","AUT","Austria","2013","2013",17.2,,
"DUREA502","Mental and behavioural disorders due to alcohol","JOUPERNB","Days","AUT","Austria","2014","2014",16.7,,
"DUREA502","Mental and behavioural disorders due to alcohol","JOUPERNB","Days","AUT","Austria","2015","2015",20.7,,
"DUREA502","Mental and behavioural disorders due to alcohol","JOUPERNB","Days","AUT","Austria","2016","2016",18.3,,
"DUREA502","Mental and behavioural disorders due to alcohol","JOUPERNB","Days","AUT","Austria","2017","2017",18.5,,
"DUREA502","Mental and behavioural disorders due to alcohol","JOUPERNB","Days","AUT","Austria","2018","2018",19,,
"DUREA502","Mental and behavioural disorders due to alcohol","JOUPERNB","Days","AUT","Austria","2019","2019",18.3,,
"DUREA502","Mental and behavioural disorders due to alcohol","JOUPERNB","Days","AUT","Austria","2020","2020",16.3,,
"DUREA502","Mental and behavioural disorders due to alcohol","JOUPERNB","Days","BEL","Belgium","2000","2000",6.8,,
"DUREA502","Mental and behavioural disorders due to alcohol","JOUPERNB","Days","BEL","Belgium","2001","2001",6.7,,
"DUREA502","Mental and behavioural disorders due to alcohol","JOUPERNB","Days","BEL","Belgium","2002","2002",6.7,,
"DUREA502","Mental and behavioural disorders due to alcohol","JOUPERNB","Days","BEL","Belgium","2003","2003",8.2,,
"DUREA502","Mental and behavioural disorders due to alcohol","JOUPERNB","Days","BEL","Belgium","2004","2004",7.7,,
"DUREA502","Mental and behavioural disorders due to alcohol","JOUPERNB","Days","BEL","Belgium","2005","2005",7.8,,
"DUREA502","Mental and behavioural disorders due to alcohol","JOUPERNB","Days","BEL","Belgium","2006","2006",7.9,,
"DUREA502","Mental and behavioural disorders due to alcohol","JOUPERNB","Days","BEL","Belgium","2007","2007",7.7,,
"DUREA502","Mental and behavioural disorders due to alcohol","JOUPERNB","Days","BEL","Belgium","2008","2008",7.7,,
"DUREA502","Mental and behavioural disorders due to alcohol","JOUPERNB","Days","BEL","Belgium","2009","2009",7.8,,
"DUREA502","Mental and behavioural disorders due to alcohol","JOUPERNB","Days","BEL","Belgium","2010","2010",7.8,,
"DUREA502","Mental and behavioural disorders due to alcohol","JOUPERNB","Days","BEL","Belgium","2011","2011",7.5,,
"DUREA502","Mental and behavioural disorders due to alcohol","JOUPERNB","Days","BEL","Belgium","2012","2012",7.6,,
"DUREA502","Mental and behavioural disorders due to alcohol","JOUPERNB","Days","BEL","Belgium","2013","2013",7.5,,
"DUREA502","Mental and behavioural disorders due to alcohol","JOUPERNB","Days","BEL","Belgium","2014","2014",7.2,,
"DUREA502","Mental and behavioural disorders due to alcohol","JOUPERNB","Days","BEL","Belgium","2016","2016",6.9,,
"DUREA502","Mental and behavioural disorders due to alcohol","JOUPERNB","Days","BEL","Belgium","2017","2017",6.8,,
"DUREA502","Mental and behavioural disorders due to alcohol","JOUPERNB","Days","BEL","Belgium","2018","2018",6.6,,
"DUREA502","Mental and behavioural disorders due to alcohol","JOUPERNB","Days","BEL","Belgium","2019","2019",6.6,,
"DUREA502","Mental and behavioural disorders due to alcohol","JOUPERNB","Days","BEL","Belgium","2020","2020",6.2,,
"DUREA502","Mental and behavioural disorders due to alcohol","JOUPERNB","Days","CAN","Canada","1990","1990",12.6,,
"DUREA502","Mental and behavioural disorders due to alcohol","JOUPERNB","Days","CAN","Canada","1991","1991",13.2,,
"DUREA502","Mental and behavioural disorders due to alcohol","JOUPERNB","Days","CAN","Canada","1992","1992",11.8,,
"DUREA502","Mental and behavioural disorders due to alcohol","JOUPERNB","Days","CAN","Canada","1993","1993",13.2,,
"DUREA502","Mental and behavioural disorders due to alcohol","JOUPERNB","Days","CAN","Canada","1994","1994",7.8,,
"DUREA502","Mental and behavioural disorders due to alcohol","JOUPERNB","Days","CAN","Canada","1995","1995",7.6,,
"DUREA502","Mental and behavioural disorders due to alcohol","JOUPERNB","Days","CAN","Canada","1996","1996",7.1,,
"DUREA502","Mental and behavioural disorders due to alcohol","JOUPERNB","Days","CAN","Canada","1997","1997",7,,
"DUREA502","Mental and behavioural disorders due to alcohol","JOUPERNB","Days","CAN","Canada","1998","1998",6.6,,
"DUREA502","Mental and behavioural disorders due to alcohol","JOUPERNB","Days","CAN","Canada","1999","1999",6.9,,
"DUREA502","Mental and behavioural disorders due to alcohol","JOUPERNB","Days","CAN","Canada","2000","2000",6.9,,
"DUREA502","Mental and behavioural disorders due to alcohol","JOUPERNB","Days","CAN","Canada","2001","2001",6.5,,
"DUREA502","Mental and behavioural disorders due to alcohol","JOUPERNB","Days","CAN","Canada","2002","2002",6.7,,
"DUREA502","Mental and behavioural disorders due to alcohol","JOUPERNB","Days","CAN","Canada","2003","2003",6.5,,
"DUREA502","Mental and behavioural disorders due to alcohol","JOUPERNB","Days","CAN","Canada","2004","2004",6.9,,
"DUREA502","Mental and behavioural disorders due to alcohol","JOUPERNB","Days","CAN","Canada","2005","2005",6.8,,
"DUREA502","Mental and behavioural disorders due to alcohol","JOUPERNB","Days","CAN","Canada","2006","2006",7.2,,
"DUREA502","Mental and behavioural disorders due to alcohol","JOUPERNB","Days","CAN","Canada","2007","2007",7.4,,
"DUREA502","Mental and behavioural disorders due to alcohol","JOUPERNB","Days","CAN","Canada","2008","2008",7.6,,
"DUREA502","Mental and behavioural disorders due to alcohol","JOUPERNB","Days","CAN","Canada","2009","2009",7.5,,
"DUREA502","Mental and behavioural disorders due to alcohol","JOUPERNB","Days","CAN","Canada","2010","2010",7.6,,
"DUREA502","Mental and behavioural disorders due to alcohol","JOUPERNB","Days","CAN","Canada","2011","2011",7.4,,
"DUREA502","Mental and behavioural disorders due to alcohol","JOUPERNB","Days","CAN","Canada","2012","2012",7.3,,
"DUREA502","Mental and behavioural disorders due to alcohol","JOUPERNB","Days","CAN","Canada","2013","2013",9.2,"B","Break"
"DUREA502","Mental and behavioural disorders due to alcohol","JOUPERNB","Days","CAN","Canada","2014","2014",9.4,,
"DUREA502","Mental and behavioural disorders due to alcohol","JOUPERNB","Days","CAN","Canada","2015","2015",8.9,,
"DUREA502","Mental and behavioural disorders due to alcohol","JOUPERNB","Days","CAN","Canada","2016","2016",8.9,,
"DUREA502","Mental and behavioural disorders due to alcohol","JOUPERNB","Days","CAN","Canada","2017","2017",9.1,,
"DUREA502","Mental and behavioural disorders due to alcohol","JOUPERNB","Days","CAN","Canada","2018","2018",8.2,,
"DUREA502","Mental and behavioural disorders due to alcohol","JOUPERNB","Days","CAN","Canada","2019","2019",6.7,,
"DUREA502","Mental and behavioural disorders due to alcohol","JOUPERNB","Days","CAN","Canada","2020","2020",6.9,,
"DUREA502","Mental and behavioural disorders due to alcohol","JOUPERNB","Days","CZE","Czech Republic","2000","2000",40.8,,
"DUREA502","Mental and behavioural disorders due to alcohol","JOUPERNB","Days","CZE","Czech Republic","2001","2001",39.2,,
"DUREA502","Mental and behavioural disorders due to alcohol","JOUPERNB","Days","CZE","Czech Republic","2002","2002",36.4,,
"DUREA502","Mental and behavioural disorders due to alcohol","JOUPERNB","Days","CZE","Czech Republic","2003","2003",38.2,,
"DUREA502","Mental and behavioural disorders due to alcohol","JOUPERNB","Days","CZE","Czech Republic","2004","2004",37.7,,
"DUREA502","Mental and behavioural disorders due to alcohol","JOUPERNB","Days","CZE","Czech Republic","2005","2005",40.4,,
"DUREA502","Mental and behavioural disorders due to alcohol","JOUPERNB","Days","CZE","Czech Republic","2006","2006",39.9,,
"DUREA502","Mental and behavioural disorders due to alcohol","JOUPERNB","Days","CZE","Czech Republic","2007","2007",36,,
"DUREA502","Mental and behavioural disorders due to alcohol","JOUPERNB","Days","CZE","Czech Republic","2008","2008",40.5,,
"DUREA502","Mental and behavioural disorders due to alcohol","JOUPERNB","Days","CZE","Czech Republic","2009","2009",35.5,,
"DUREA502","Mental and behavioural disorders due to alcohol","JOUPERNB","Days","CZE","Czech Republic","2010","2010",38.4,,
"DUREA502","Mental and behavioural disorders due to alcohol","JOUPERNB","Days","CZE","Czech Republic","2011","2011",32.8,"B","Break"
"DUREA502","Mental and behavioural disorders due to alcohol","JOUPERNB","Days","CZE","Czech Republic","2012","2012",31.9,,
"DUREA502","Mental and behavioural disorders due to alcohol","JOUPERNB","Days","CZE","Czech Republic","2013","2013",32.1,,
"DUREA502","Mental and behavioural disorders due to alcohol","JOUPERNB","Days","CZE","Czech Republic","2014","2014",31.2,,
"DUREA502","Mental and behavioural disorders due to alcohol","JOUPERNB","Days","CZE","Czech Republic","2015","2015",31.7,,
"DUREA502","Mental and behavioural disorders due to alcohol","JOUPERNB","Days","CZE","Czech Republic","2016","2016",31.4,,
"DUREA502","Mental and behavioural disorders due to alcohol","JOUPERNB","Days","CZE","Czech Republic","2017","2017",31.8,,
"DUREA502","Mental and behavioural disorders due to alcohol","JOUPERNB","Days","CZE","Czech Republic","2018","2018",32.8,,
"DUREA502","Mental and behavioural disorders due to alcohol","JOUPERNB","Days","CZE","Czech Republic","2019","2019",31.1,,
"DUREA502","Mental and behavioural disorders due to alcohol","JOUPERNB","Days","CZE","Czech Republic","2020","2020",34.4,,
"DUREA502","Mental and behavioural disorders due to alcohol","JOUPERNB","Days","DNK","Denmark","2001","2001",7.4,,
"DUREA502","Mental and behavioural disorders due to alcohol","JOUPERNB","Days","DNK","Denmark","2002","2002",7,,
"DUREA502","Mental and behavioural disorders due to alcohol","JOUPERNB","Days","DNK","Denmark","2003","2003",6.3,,
"DUREA502","Mental and behavioural disorders due to alcohol","JOUPERNB","Days","DNK","Denmark","2004","2004",5.3,,
"DUREA502","Mental and behavioural disorders due to alcohol","JOUPERNB","Days","DNK","Denmark","2005","2005",5.5,,
"DUREA502","Mental and behavioural disorders due to alcohol","JOUPERNB","Days","DNK","Denmark","2006","2006",4.7,,
"DUREA502","Mental and behavioural disorders due to alcohol","JOUPERNB","Days","DNK","Denmark","2007","2007",4.2,,
"DUREA502","Mental and behavioural disorders due to alcohol","JOUPERNB","Days","DNK","Denmark","2008","2008",4.2,,
"DUREA502","Mental and behavioural disorders due to alcohol","JOUPERNB","Days","DNK","Denmark","2009","2009",3.7,,
"DUREA502","Mental and behavioural disorders due to alcohol","JOUPERNB","Days","DNK","Denmark","2010","2010",3.5,,
"DUREA502","Mental and behavioural disorders due to alcohol","JOUPERNB","Days","DNK","Denmark","2011","2011",3.6,,
"DUREA502","Mental and behavioural disorders due to alcohol","JOUPERNB","Days","DNK","Denmark","2012","2012",3.4,,
"DUREA502","Mental and behavioural disorders due to alcohol","JOUPERNB","Days","DNK","Denmark","2013","2013",3.1,,
"DUREA502","Mental and behavioural disorders due to alcohol","JOUPERNB","Days","DNK","Denmark","2014","2014",3,,
"DUREA502","Mental and behavioural disorders due to alcohol","JOUPERNB","Days","DNK","Denmark","2015","2015",2.8,,
"DUREA502","Mental and behavioural disorders due to alcohol","JOUPERNB","Days","DNK","Denmark","2016","2016",3,,
"DUREA502","Mental and behavioural disorders due to alcohol","JOUPERNB","Days","FIN","Finland","2001","2001",8.7,,
"DUREA502","Mental and behavioural disorders due to alcohol","JOUPERNB","Days","FIN","Finland","2002","2002",8.3,,
"DUREA502","Mental and behavioural disorders due to alcohol","JOUPERNB","Days","FIN","Finland","2003","2003",8.2,,
"DUREA502","Mental and behavioural disorders due to alcohol","JOUPERNB","Days","FIN","Finland","2004","2004",8.4,,
"DUREA502","Mental and behavioural disorders due to alcohol","JOUPERNB","Days","FIN","Finland","2005","2005",8.3,,
"DUREA502","Mental and behavioural disorders due to alcohol","JOUPERNB","Days","FIN","Finland","2006","2006",8.2,,
"DUREA502","Mental and behavioural disorders due to alcohol","JOUPERNB","Days","FIN","Finland","2007","2007",8.1,,
"DUREA502","Mental and behavioural disorders due to alcohol","JOUPERNB","Days","FIN","Finland","2008","2008",8,,
"DUREA502","Mental and behavioural disorders due to alcohol","JOUPERNB","Days","FIN","Finland","2009","2009",8.2,,
"DUREA502","Mental and behavioural disorders due to alcohol","JOUPERNB","Days","FIN","Finland","2010","2010",9,,
"DUREA502","Mental and behavioural disorders due to alcohol","JOUPERNB","Days","FIN","Finland","2011","2011",9.1,,
"DUREA502","Mental and behavioural disorders due to alcohol","JOUPERNB","Days","FIN","Finland","2012","2012",7.9,,
"DUREA502","Mental and behavioural disorders due to alcohol","JOUPERNB","Days","FIN","Finland","2013","2013",7.7,,
"DUREA502","Mental and behavioural disorders due to alcohol","JOUPERNB","Days","FIN","Finland","2014","2014",6.9,,
"DUREA502","Mental and behavioural disorders due to alcohol","JOUPERNB","Days","FIN","Finland","2015","2015",6.9,,
"DUREA502","Mental and behavioural disorders due to alcohol","JOUPERNB","Days","FIN","Finland","2016","2016",5.9,,
"DUREA502","Mental and behavioural disorders due to alcohol","JOUPERNB","Days","FIN","Finland","2017","2017",5,,
"DUREA502","Mental and behavioural disorders due to alcohol","JOUPERNB","Days","FIN","Finland","2018","2018",5.4,,
"DUREA502","Mental and behavioural disorders due to alcohol","JOUPERNB","Days","FIN","Finland","2020","2020",4.8,,
"DUREA502","Mental and behavioural disorders due to alcohol","JOUPERNB","Days","FRA","France","1997","1997",5.2,,
"DUREA502","Mental and behavioural disorders due to alcohol","JOUPERNB","Days","FRA","France","1998","1998",5,,
"DUREA502","Mental and behavioural disorders due to alcohol","JOUPERNB","Days","FRA","France","1999","1999",5,,
"DUREA502","Mental and behavioural disorders due to alcohol","JOUPERNB","Days","FRA","France","2000","2000",5.4,,
"DUREA502","Mental and behavioural disorders due to alcohol","JOUPERNB","Days","FRA","France","2001","2001",5.3,,
"DUREA502","Mental and behavioural disorders due to alcohol","JOUPERNB","Days","FRA","France","2002","2002",5.2,,
"DUREA502","Mental and behavioural disorders due to alcohol","JOUPERNB","Days","FRA","France","2003","2003",5,,
"DUREA502","Mental and behavioural disorders due to alcohol","JOUPERNB","Days","FRA","France","2004","2004",4.5,,
"DUREA502","Mental and behavioural disorders due to alcohol","JOUPERNB","Days","FRA","France","2005","2005",4.1,,
"DUREA502","Mental and behavioural disorders due to alcohol","JOUPERNB","Days","FRA","France","2006","2006",3.6,,
"DUREA502","Mental and behavioural disorders due to alcohol","JOUPERNB","Days","FRA","France","2007","2007",3.4,,
"DUREA502","Mental and behavioural disorders due to alcohol","JOUPERNB","Days","FRA","France","2008","2008",3.2,,
"DUREA502","Mental and behavioural disorders due to alcohol","JOUPERNB","Days","FRA","France","2009","2009",3.1,,
"DUREA502","Mental and behavioural disorders due to alcohol","JOUPERNB","Days","FRA","France","2010","2010",3.2,,
"DUREA502","Mental and behavioural disorders due to alcohol","JOUPERNB","Days","FRA","France","2011","2011",3.2,,
"DUREA502","Mental and behavioural disorders due to alcohol","JOUPERNB","Days","FRA","France","2012","2012",3.1,,
"DUREA502","Mental and behavioural disorders due to alcohol","JOUPERNB","Days","FRA","France","2013","2013",3.2,,
"DUREA502","Mental and behavioural disorders due to alcohol","JOUPERNB","Days","FRA","France","2014","2014",3.2,,
"DUREA502","Mental and behavioural disorders due to alcohol","JOUPERNB","Days","FRA","France","2015","2015",3.1,,
"DUREA502","Mental and behavioural disorders due to alcohol","JOUPERNB","Days","FRA","France","2016","2016",10.5,"B","Break"
"DUREA502","Mental and behavioural disorders due to alcohol","JOUPERNB","Days","FRA","France","2017","2017",10.3,,
"DUREA502","Mental and behavioural disorders due to alcohol","JOUPERNB","Days","FRA","France","2018","2018",10.4,,
"DUREA502","Mental and behavioural disorders due to alcohol","JOUPERNB","Days","FRA","France","2019","2019",10.5,,
"DUREA502","Mental and behavioural disorders due to alcohol","JOUPERNB","Days","FRA","France","2020","2020",10.7,,
"DUREA502","Mental and behavioural disorders due to alcohol","JOUPERNB","Days","DEU","Germany","2000","2000",12.7,,
"DUREA502","Mental and behavioural disorders due to alcohol","JOUPERNB","Days","DEU","Germany","2001","2001",11.9,,
"DUREA502","Mental and behavioural disorders due to alcohol","JOUPERNB","Days","DEU","Germany","2002","2002",11.5,,
"DUREA502","Mental and behavioural disorders due to alcohol","JOUPERNB","Days","DEU","Germany","2003","2003",16.2,,
"DUREA502","Mental and behavioural disorders due to alcohol","JOUPERNB","Days","DEU","Germany","2004","2004",15.1,,
"DUREA502","Mental and behavioural disorders due to alcohol","JOUPERNB","Days","DEU","Germany","2005","2005",14.4,,
"DUREA502","Mental and behavioural disorders due to alcohol","JOUPERNB","Days","DEU","Germany","2006","2006",14.2,,
"DUREA502","Mental and behavioural disorders due to alcohol","JOUPERNB","Days","DEU","Germany","2007","2007",14.2,,
"DUREA502","Mental and behavioural disorders due to alcohol","JOUPERNB","Days","DEU","Germany","2008","2008",14.2,,
"DUREA502","Mental and behavioural disorders due to alcohol","JOUPERNB","Days","DEU","Germany","2009","2009",13.5,,
"DUREA502","Mental and behavioural disorders due to alcohol","JOUPERNB","Days","DEU","Germany","2010","2010",13.3,,
"DUREA502","Mental and behavioural disorders due to alcohol","JOUPERNB","Days","DEU","Germany","2011","2011",12.8,,
"DUREA502","Mental and behavioural disorders due to alcohol","JOUPERNB","Days","DEU","Germany","2012","2012",12.8,,
"DUREA502","Mental and behavioural disorders due to alcohol","JOUPERNB","Days","DEU","Germany","2013","2013",12.7,,
"DUREA502","Mental and behavioural disorders due to alcohol","JOUPERNB","Days","DEU","Germany","2014","2014",12.8,,
"DUREA502","Mental and behavioural disorders due to alcohol","JOUPERNB","Days","DEU","Germany","2015","2015",12.9,,
"DUREA502","Mental and behavioural disorders due to alcohol","JOUPERNB","Days","DEU","Germany","2016","2016",13.3,,
"DUREA502","Mental and behavioural disorders due to alcohol","JOUPERNB","Days","DEU","Germany","2017","2017",13.9,,
"DUREA502","Mental and behavioural disorders due to alcohol","JOUPERNB","Days","DEU","Germany","2018","2018",14.1,,
"DUREA502","Mental and behavioural disorders due to alcohol","JOUPERNB","Days","DEU","Germany","2019","2019",14.6,,
"DUREA502","Mental and behavioural disorders due to alcohol","JOUPERNB","Days","DEU","Germany","2020","2020",14.9,,
"DUREA502","Mental and behavioural disorders due to alcohol","JOUPERNB","Days","GRC","Greece","1999","1999",32,,
"DUREA502","Mental and behavioural disorders due to alcohol","JOUPERNB","Days","GRC","Greece","2000","2000",29,,
"DUREA502","Mental and behavioural disorders due to alcohol","JOUPERNB","Days","GRC","Greece","2001","2001",29,,
"DUREA502","Mental and behavioural disorders due to alcohol","JOUPERNB","Days","GRC","Greece","2002","2002",30,,
"DUREA502","Mental and behavioural disorders due to alcohol","JOUPERNB","Days","GRC","Greece","2003","2003",29,,
"DUREA502","Mental and behavioural disorders due to alcohol","JOUPERNB","Days","GRC","Greece","2004","2004",36,,
"DUREA502","Mental and behavioural disorders due to alcohol","JOUPERNB","Days","GRC","Greece","2005","2005",26,,
"DUREA502","Mental and behavioural disorders due to alcohol","JOUPERNB","Days","GRC","Greece","2006","2006",32,,
"DUREA502","Mental and behavioural disorders due to alcohol","JOUPERNB","Days","GRC","Greece","2007","2007",29.5,,
"DUREA502","Mental and behavioural disorders due to alcohol","JOUPERNB","Days","GRC","Greece","2008","2008",25.5,,
"DUREA502","Mental and behavioural disorders due to alcohol","JOUPERNB","Days","GRC","Greece","2009","2009",32.5,,
"DUREA502","Mental and behavioural disorders due to alcohol","JOUPERNB","Days","GRC","Greece","2010","2010",22.6,,
"DUREA502","Mental and behavioural disorders due to alcohol","JOUPERNB","Days","GRC","Greece","2011","2011",30,,
"DUREA502","Mental and behavioural disorders due to alcohol","JOUPERNB","Days","GRC","Greece","2012","2012",42,,
"DUREA502","Mental and behavioural disorders due to alcohol","JOUPERNB","Days","GRC","Greece","2013","2013",63,,
"DUREA502","Mental and behavioural disorders due to alcohol","JOUPERNB","Days","GRC","Greece","2014","2014",47,,
"DUREA502","Mental and behavioural disorders due to alcohol","JOUPERNB","Days","GRC","Greece","2015","2015",42,,
"DUREA502","Mental and behavioural disorders due to alcohol","JOUPERNB","Days","HUN","Hungary","2004","2004",19.9,,
"DUREA502","Mental and behavioural disorders due to alcohol","JOUPERNB","Days","HUN","Hungary","2005","2005",23.2,,
"DUREA502","Mental and behavioural disorders due to alcohol","JOUPERNB","Days","HUN","Hungary","2006","2006",24.7,,
"DUREA502","Mental and behavioural disorders due to alcohol","JOUPERNB","Days","HUN","Hungary","2007","2007",26.2,,
"DUREA502","Mental and behavioural disorders due to alcohol","JOUPERNB","Days","HUN","Hungary","2008","2008",28.3,,
"DUREA502","Mental and behavioural disorders due to alcohol","JOUPERNB","Days","HUN","Hungary","2009","2009",30.5,,
"DUREA502","Mental and behavioural disorders due to alcohol","JOUPERNB","Days","HUN","Hungary","2010","2010",32.1,,
"DUREA502","Mental and behavioural disorders due to alcohol","JOUPERNB","Days","HUN","Hungary","2011","2011",35.3,,
"DUREA502","Mental and behavioural disorders due to alcohol","JOUPERNB","Days","HUN","Hungary","2012","2012",34.2,,
"DUREA502","Mental and behavioural disorders due to alcohol","JOUPERNB","Days","HUN","Hungary","2013","2013",31.8,,
"DUREA502","Mental and behavioural disorders due to alcohol","JOUPERNB","Days","HUN","Hungary","2014","2014",32.7,,
"DUREA502","Mental and behavioural disorders due to alcohol","JOUPERNB","Days","HUN","Hungary","2015","2015",34.4,,
"DUREA502","Mental and behavioural disorders due to alcohol","JOUPERNB","Days","HUN","Hungary","2016","2016",34.4,,
"DUREA502","Mental and behavioural disorders due to alcohol","JOUPERNB","Days","HUN","Hungary","2017","2017",32.8,,
"DUREA502","Mental and behavioural disorders due to alcohol","JOUPERNB","Days","HUN","Hungary","2018","2018",31.7,,
"DUREA502","Mental and behavioural disorders due to alcohol","JOUPERNB","Days","HUN","Hungary","2019","2019",30.8,,
"DUREA502","Mental and behavioural disorders due to alcohol","JOUPERNB","Days","HUN","Hungary","2020","2020",32,,
"DUREA502","Mental and behavioural disorders due to alcohol","JOUPERNB","Days","ISL","Iceland","2000","2000",18,,
"DUREA502","Mental and behavioural disorders due to alcohol","JOUPERNB","Days","ISL","Iceland","2001","2001",16.6,,
"DUREA502","Mental and behavioural disorders due to alcohol","JOUPERNB","Days","ISL","Iceland","2002","2002",13.3,,
"DUREA502","Mental and behavioural disorders due to alcohol","JOUPERNB","Days","ISL","Iceland","2003","2003",9.7,,
"DUREA502","Mental and behavioural disorders due to alcohol","JOUPERNB","Days","ISL","Iceland","2004","2004",6.8,,
"DUREA502","Mental and behavioural disorders due to alcohol","JOUPERNB","Days","ISL","Iceland","2005","2005",7,,
"DUREA502","Mental and behavioural disorders due to alcohol","JOUPERNB","Days","ISL","Iceland","2006","2006",8.1,,
"DUREA502","Mental and behavioural disorders due to alcohol","JOUPERNB","Days","ISL","Iceland","2007","2007",7.2,,
"DUREA502","Mental and behavioural disorders due to alcohol","JOUPERNB","Days","ISL","Iceland","2008","2008",7.3,,
"DUREA502","Mental and behavioural disorders due to alcohol","JOUPERNB","Days","ISL","Iceland","2009","2009",8,,
"DUREA502","Mental and behavioural disorders due to alcohol","JOUPERNB","Days","ISL","Iceland","2011","2011",6.3,,
"DUREA502","Mental and behavioural disorders due to alcohol","JOUPERNB","Days","ISL","Iceland","2012","2012",6.8,,
"DUREA502","Mental and behavioural disorders due to alcohol","JOUPERNB","Days","ISL","Iceland","2013","2013",6.4,,
"DUREA502","Mental and behavioural disorders due to alcohol","JOUPERNB","Days","ISL","Iceland","2014","2014",6.6,,
"DUREA502","Mental and behavioural disorders due to alcohol","JOUPERNB","Days","ISL","Iceland","2016","2016",6.9,,
"DUREA502","Mental and behavioural disorders due to alcohol","JOUPERNB","Days","ISL","Iceland","2017","2017",6.9,,
"DUREA502","Mental and behavioural disorders due to alcohol","JOUPERNB","Days","ISL","Iceland","2019","2019",7.5,,
"DUREA502","Mental and behavioural disorders due to alcohol","JOUPERNB","Days","IRL","Ireland","1995","1995",3.9,,
"DUREA502","Mental and behavioural disorders due to alcohol","JOUPERNB","Days","IRL","Ireland","1996","1996",4.2,,
"DUREA502","Mental and behavioural disorders due to alcohol","JOUPERNB","Days","IRL","Ireland","1997","1997",4.7,,
"DUREA502","Mental and behavioural disorders due to alcohol","JOUPERNB","Days","IRL","Ireland","1998","1998",4.3,,
"DUREA502","Mental and behavioural disorders due to alcohol","JOUPERNB","Days","IRL","Ireland","1999","1999",4.1,,
"DUREA502","Mental and behavioural disorders due to alcohol","JOUPERNB","Days","IRL","Ireland","2000","2000",4.4,,
"DUREA502","Mental and behavioural disorders due to alcohol","JOUPERNB","Days","IRL","Ireland","2001","2001",4.9,,
"DUREA502","Mental and behavioural disorders due to alcohol","JOUPERNB","Days","IRL","Ireland","2002","2002",4.7,,
"DUREA502","Mental and behavioural disorders due to alcohol","JOUPERNB","Days","IRL","Ireland","2003","2003",4.5,,
"DUREA502","Mental and behavioural disorders due to alcohol","JOUPERNB","Days","IRL","Ireland","2004","2004",5.2,,
"DUREA502","Mental and behavioural disorders due to alcohol","JOUPERNB","Days","IRL","Ireland","2005","2005",4.7,,
"DUREA502","Mental and behavioural disorders due to alcohol","JOUPERNB","Days","IRL","Ireland","2006","2006",5.3,,
"DUREA502","Mental and behavioural disorders due to alcohol","JOUPERNB","Days","IRL","Ireland","2007","2007",4.7,,
"DUREA502","Mental and behavioural disorders due to alcohol","JOUPERNB","Days","IRL","Ireland","2008","2008",5,,
"DUREA502","Mental and behavioural disorders due to alcohol","JOUPERNB","Days","IRL","Ireland","2009","2009",4.5,,
"DUREA502","Mental and behavioural disorders due to alcohol","JOUPERNB","Days","IRL","Ireland","2010","2010",5.1,,
"DUREA502","Mental and behavioural disorders due to alcohol","JOUPERNB","Days","IRL","Ireland","2011","2011",5.5,,
"DUREA502","Mental and behavioural disorders due to alcohol","JOUPERNB","Days","IRL","Ireland","2012","2012",4.9,,
"DUREA502","Mental and behavioural disorders due to alcohol","JOUPERNB","Days","IRL","Ireland","2013","2013",5.1,,
"DUREA502","Mental and behavioural disorders due to alcohol","JOUPERNB","Days","IRL","Ireland","2014","2014",4.7,,
"DUREA502","Mental and behavioural disorders due to alcohol","JOUPERNB","Days","IRL","Ireland","2015","2015",6,,
"DUREA502","Mental and behavioural disorders due to alcohol","JOUPERNB","Days","IRL","Ireland","2016","2016",5.5,,
"DUREA502","Mental and behavioural disorders due to alcohol","JOUPERNB","Days","IRL","Ireland","2017","2017",5.8,,
"DUREA502","Mental and behavioural disorders due to alcohol","JOUPERNB","Days","IRL","Ireland","2018","2018",6.2,,
"DUREA502","Mental and behavioural disorders due to alcohol","JOUPERNB","Days","IRL","Ireland","2019","2019",6.1,,
"DUREA502","Mental and behavioural disorders due to alcohol","JOUPERNB","Days","IRL","Ireland","2020","2020",5.4,,
"DUREA502","Mental and behavioural disorders due to alcohol","JOUPERNB","Days","ITA","Italy","2001","2001",8.4,,
"DUREA502","Mental and behavioural disorders due to alcohol","JOUPERNB","Days","ITA","Italy","2002","2002",8.8,,
"DUREA502","Mental and behavioural disorders due to alcohol","JOUPERNB","Days","ITA","Italy","2003","2003",8.9,,
"DUREA502","Mental and behavioural disorders due to alcohol","JOUPERNB","Days","ITA","Italy","2004","2004",9.3,,
"DUREA502","Mental and behavioural disorders due to alcohol","JOUPERNB","Days","ITA","Italy","2005","2005",9.5,,
"DUREA502","Mental and behavioural disorders due to alcohol","JOUPERNB","Days","ITA","Italy","2006","2006",9.3,,
"DUREA502","Mental and behavioural disorders due to alcohol","JOUPERNB","Days","ITA","Italy","2007","2007",9.4,,
"DUREA502","Mental and behavioural disorders due to alcohol","JOUPERNB","Days","ITA","Italy","2008","2008",9.6,,
"DUREA502","Mental and behavioural disorders due to alcohol","JOUPERNB","Days","ITA","Italy","2009","2009",10.4,,
"DUREA502","Mental and behavioural disorders due to alcohol","JOUPERNB","Days","ITA","Italy","2010","2010",10.3,,
"DUREA502","Mental and behavioural disorders due to alcohol","JOUPERNB","Days","ITA","Italy","2011","2011",10.6,,
"DUREA502","Mental and behavioural disorders due to alcohol","JOUPERNB","Days","ITA","Italy","2012","2012",10.4,,
"DUREA502","Mental and behavioural disorders due to alcohol","JOUPERNB","Days","ITA","Italy","2013","2013",10.8,,
"DUREA502","Mental and behavioural disorders due to alcohol","JOUPERNB","Days","ITA","Italy","2014","2014",11,,
"DUREA502","Mental and behavioural disorders due to alcohol","JOUPERNB","Days","ITA","Italy","2015","2015",11.3,,
"DUREA502","Mental and behavioural disorders due to alcohol","JOUPERNB","Days","ITA","Italy","2016","2016",11.3,,
"DUREA502","Mental and behavioural disorders due to alcohol","JOUPERNB","Days","ITA","Italy","2017","2017",10.9,,
"DUREA502","Mental and behavioural disorders due to alcohol","JOUPERNB","Days","ITA","Italy","2018","2018",11.5,,
"DUREA502","Mental and behavioural disorders due to alcohol","JOUPERNB","Days","ITA","Italy","2019","2019",11.7,,
"DUREA502","Mental and behavioural disorders due to alcohol","JOUPERNB","Days","ITA","Italy","2020","2020",12.6,,
"DUREA502","Mental and behavioural disorders due to alcohol","JOUPERNB","Days","KOR","Korea","1996","1996",61.1,,
"DUREA502","Mental and behavioural disorders due to alcohol","JOUPERNB","Days","KOR","Korea","1999","1999",57.9,,
"DUREA502","Mental and behavioural disorders due to alcohol","JOUPERNB","Days","KOR","Korea","2002","2002",68.2,,
"DUREA502","Mental and behavioural disorders due to alcohol","JOUPERNB","Days","KOR","Korea","2005","2005",72.3,,
"DUREA502","Mental and behavioural disorders due to alcohol","JOUPERNB","Days","KOR","Korea","2008","2008",72.3,,
"DUREA502","Mental and behavioural disorders due to alcohol","JOUPERNB","Days","KOR","Korea","2009","2009",70.6,,
"DUREA502","Mental and behavioural disorders due to alcohol","JOUPERNB","Days","KOR","Korea","2010","2010",68.6,,
"DUREA502","Mental and behavioural disorders due to alcohol","JOUPERNB","Days","KOR","Korea","2011","2011",69.5,,
"DUREA502","Mental and behavioural disorders due to alcohol","JOUPERNB","Days","KOR","Korea","2012","2012",73.6,,
"DUREA502","Mental and behavioural disorders due to alcohol","JOUPERNB","Days","KOR","Korea","2013","2013",80.4,,
"DUREA502","Mental and behavioural disorders due to alcohol","JOUPERNB","Days","KOR","Korea","2014","2014",80.9,,
"DUREA502","Mental and behavioural disorders due to alcohol","JOUPERNB","Days","KOR","Korea","2015","2015",87.7,,
"DUREA502","Mental and behavioural disorders due to alcohol","JOUPERNB","Days","KOR","Korea","2016","2016",83.5,,
"DUREA502","Mental and behavioural disorders due to alcohol","JOUPERNB","Days","KOR","Korea","2017","2017",85.2,,
"DUREA502","Mental and behavioural disorders due to alcohol","JOUPERNB","Days","KOR","Korea","2018","2018",89.3,,
"DUREA502","Mental and behavioural disorders due to alcohol","JOUPERNB","Days","KOR","Korea","2019","2019",90.3,,
"DUREA502","Mental and behavioural disorders due to alcohol","JOUPERNB","Days","KOR","Korea","2020","2020",112.8,,
"DUREA502","Mental and behavioural disorders due to alcohol","JOUPERNB","Days","LUX","Luxembourg","1998","1998",10.9,,
"DUREA502","Mental and behavioural disorders due to alcohol","JOUPERNB","Days","LUX","Luxembourg","1999","1999",11,,
"DUREA502","Mental and behavioural disorders due to alcohol","JOUPERNB","Days","LUX","Luxembourg","2000","2000",10.8,,
"DUREA502","Mental and behavioural disorders due to alcohol","JOUPERNB","Days","LUX","Luxembourg","2001","2001",11.2,,
"DUREA502","Mental and behavioural disorders due to alcohol","JOUPERNB","Days","LUX","Luxembourg","2002","2002",24,"B","Break"
"DUREA502","Mental and behavioural disorders due to alcohol","JOUPERNB","Days","LUX","Luxembourg","2003","2003",26.5,,
"DUREA502","Mental and behavioural disorders due to alcohol","JOUPERNB","Days","LUX","Luxembourg","2004","2004",23.6,,
"DUREA502","Mental and behavioural disorders due to alcohol","JOUPERNB","Days","LUX","Luxembourg","2005","2005",23.6,,
"DUREA502","Mental and behavioural disorders due to alcohol","JOUPERNB","Days","LUX","Luxembourg","2006","2006",22.8,,
"DUREA502","Mental and behavioural disorders due to alcohol","JOUPERNB","Days","LUX","Luxembourg","2007","2007",23,,
"DUREA502","Mental and behavioural disorders due to alcohol","JOUPERNB","Days","LUX","Luxembourg","2008","2008",21.6,,
"DUREA502","Mental and behavioural disorders due to alcohol","JOUPERNB","Days","LUX","Luxembourg","2009","2009",23.5,,
"DUREA502","Mental and behavioural disorders due to alcohol","JOUPERNB","Days","LUX","Luxembourg","2010","2010",25.2,,
"DUREA502","Mental and behavioural disorders due to alcohol","JOUPERNB","Days","LUX","Luxembourg","2011","2011",22.7,,
"DUREA502","Mental and behavioural disorders due to alcohol","JOUPERNB","Days","LUX","Luxembourg","2012","2012",24.6,,
"DUREA502","Mental and behavioural disorders due to alcohol","JOUPERNB","Days","LUX","Luxembourg","2013","2013",25.2,,
"DUREA502","Mental and behavioural disorders due to alcohol","JOUPERNB","Days","LUX","Luxembourg","2014","2014",23.9,,
"DUREA502","Mental and behavioural disorders due to alcohol","JOUPERNB","Days","LUX","Luxembourg","2015","2015",24.2,,
"DUREA502","Mental and behavioural disorders due to alcohol","JOUPERNB","Days","LUX","Luxembourg","2016","2016",22.8,,
"DUREA502","Mental and behavioural disorders due to alcohol","JOUPERNB","Days","MEX","Mexico","1995","1995",6.4,,
"DUREA502","Mental and behavioural disorders due to alcohol","JOUPERNB","Days","MEX","Mexico","1996","1996",6.4,,
"DUREA502","Mental and behavioural disorders due to alcohol","JOUPERNB","Days","MEX","Mexico","1997","1997",6.3,,
"DUREA502","Mental and behavioural disorders due to alcohol","JOUPERNB","Days","MEX","Mexico","1998","1998",6.3,,
"DUREA502","Mental and behavioural disorders due to alcohol","JOUPERNB","Days","MEX","Mexico","1999","1999",6,,
"DUREA502","Mental and behavioural disorders due to alcohol","JOUPERNB","Days","MEX","Mexico","2000","2000",7.4,,
"DUREA502","Mental and behavioural disorders due to alcohol","JOUPERNB","Days","MEX","Mexico","2001","2001",6.3,,
"DUREA502","Mental and behavioural disorders due to alcohol","JOUPERNB","Days","MEX","Mexico","2002","2002",6.1,,
"DUREA502","Mental and behavioural disorders due to alcohol","JOUPERNB","Days","MEX","Mexico","2003","2003",5.9,,
"DUREA502","Mental and behavioural disorders due to alcohol","JOUPERNB","Days","MEX","Mexico","2004","2004",6.5,,
"DUREA502","Mental and behavioural disorders due to alcohol","JOUPERNB","Days","MEX","Mexico","2005","2005",5.8,,
"DUREA502","Mental and behavioural disorders due to alcohol","JOUPERNB","Days","MEX","Mexico","2006","2006",5.6,,
"DUREA502","Mental and behavioural disorders due to alcohol","JOUPERNB","Days","MEX","Mexico","2007","2007",6.7,,
"DUREA502","Mental and behavioural disorders due to alcohol","JOUPERNB","Days","MEX","Mexico","2008","2008",7.1,,
"DUREA502","Mental and behavioural disorders due to alcohol","JOUPERNB","Days","MEX","Mexico","2009","2009",8,,
"DUREA502","Mental and behavioural disorders due to alcohol","JOUPERNB","Days","MEX","Mexico","2010","2010",6.4,,
"DUREA502","Mental and behavioural disorders due to alcohol","JOUPERNB","Days","MEX","Mexico","2011","2011",6.7,,
"DUREA502","Mental and behavioural disorders due to alcohol","JOUPERNB","Days","MEX","Mexico","2012","2012",5.7,,
"DUREA502","Mental and behavioural disorders due to alcohol","JOUPERNB","Days","MEX","Mexico","2013","2013",5,,
"DUREA502","Mental and behavioural disorders due to alcohol","JOUPERNB","Days","MEX","Mexico","2014","2014",5.5,,
"DUREA502","Mental and behavioural disorders due to alcohol","JOUPERNB","Days","MEX","Mexico","2015","2015",5.6,,
"DUREA502","Mental and behavioural disorders due to alcohol","JOUPERNB","Days","MEX","Mexico","2016","2016",4.6,,
"DUREA502","Mental and behavioural disorders due to alcohol","JOUPERNB","Days","MEX","Mexico","2017","2017",4.7,,
"DUREA502","Mental and behavioural disorders due to alcohol","JOUPERNB","Days","MEX","Mexico","2018","2018",4.4,,
"DUREA502","Mental and behavioural disorders due to alcohol","JOUPERNB","Days","MEX","Mexico","2019","2019",4.3,,
"DUREA502","Mental and behavioural disorders due to alcohol","JOUPERNB","Days","MEX","Mexico","2020","2020",6.1,,
"DUREA502","Mental and behavioural disorders due to alcohol","JOUPERNB","Days","NLD","Netherlands","1990","1990",20,,
"DUREA502","Mental and behavioural disorders due to alcohol","JOUPERNB","Days","NLD","Netherlands","1991","1991",18.9,,
"DUREA502","Mental and behavioural disorders due to alcohol","JOUPERNB","Days","NLD","Netherlands","1992","1992",16.7,,
"DUREA502","Mental and behavioural disorders due to alcohol","JOUPERNB","Days","NLD","Netherlands","1993","1993",16.5,,
"DUREA502","Mental and behavioural disorders due to alcohol","JOUPERNB","Days","NLD","Netherlands","1994","1994",14.7,,
"DUREA502","Mental and behavioural disorders due to alcohol","JOUPERNB","Days","NLD","Netherlands","1995","1995",15.2,,
"DUREA502","Mental and behavioural disorders due to alcohol","JOUPERNB","Days","NLD","Netherlands","1996","1996",15.5,,
"DUREA502","Mental and behavioural disorders due to alcohol","JOUPERNB","Days","NLD","Netherlands","1997","1997",13.9,,
"DUREA502","Mental and behavioural disorders due to alcohol","JOUPERNB","Days","NLD","Netherlands","1998","1998",14.6,,
"DUREA502","Mental and behavioural disorders due to alcohol","JOUPERNB","Days","NLD","Netherlands","1999","1999",14.5,,
"DUREA502","Mental and behavioural disorders due to alcohol","JOUPERNB","Days","NLD","Netherlands","2000","2000",14.5,,
"DUREA502","Mental and behavioural disorders due to alcohol","JOUPERNB","Days","NLD","Netherlands","2001","2001",14.4,,
"DUREA502","Mental and behavioural disorders due to alcohol","JOUPERNB","Days","NLD","Netherlands","2002","2002",12.5,,
"DUREA502","Mental and behavioural disorders due to alcohol","JOUPERNB","Days","NLD","Netherlands","2003","2003",11.6,,
"DUREA502","Mental and behavioural disorders due to alcohol","JOUPERNB","Days","NLD","Netherlands","2004","2004",9.4,,
"DUREA502","Mental and behavioural disorders due to alcohol","JOUPERNB","Days","NLD","Netherlands","2005","2005",9.4,,
"DUREA502","Mental and behavioural disorders due to alcohol","JOUPERNB","Days","NLD","Netherlands","2006","2006",8.3,,
"DUREA502","Mental and behavioural disorders due to alcohol","JOUPERNB","Days","NLD","Netherlands","2007","2007",7,,
"DUREA502","Mental and behavioural disorders due to alcohol","JOUPERNB","Days","NLD","Netherlands","2008","2008",6.9,,
"DUREA502","Mental and behavioural disorders due to alcohol","JOUPERNB","Days","NLD","Netherlands","2009","2009",6.2,,
"DUREA502","Mental and behavioural disorders due to alcohol","JOUPERNB","Days","NLD","Netherlands","2010","2010",5.4,,
"DUREA502","Mental and behavioural disorders due to alcohol","JOUPERNB","Days","NLD","Netherlands","2011","2011",4.9,,
"DUREA502","Mental and behavioural disorders due to alcohol","JOUPERNB","Days","NLD","Netherlands","2012","2012",5.1,,
"DUREA502","Mental and behavioural disorders due to alcohol","JOUPERNB","Days","NLD","Netherlands","2013","2013",6.7,,
"DUREA502","Mental and behavioural disorders due to alcohol","JOUPERNB","Days","NLD","Netherlands","2014","2014",4.8,,
"DUREA502","Mental and behavioural disorders due to alcohol","JOUPERNB","Days","NLD","Netherlands","2015","2015",4.4,,
"DUREA502","Mental and behavioural disorders due to alcohol","JOUPERNB","Days","NLD","Netherlands","2016","2016",4.1,,
"DUREA502","Mental and behavioural disorders due to alcohol","JOUPERNB","Days","NLD","Netherlands","2017","2017",3.6,,
"DUREA502","Mental and behavioural disorders due to alcohol","JOUPERNB","Days","NLD","Netherlands","2018","2018",3.4,,
"DUREA502","Mental and behavioural disorders due to alcohol","JOUPERNB","Days","NLD","Netherlands","2019","2019",3.9,,
"DUREA502","Mental and behavioural disorders due to alcohol","JOUPERNB","Days","NLD","Netherlands","2020","2020",3.8,,
"DUREA502","Mental and behavioural disorders due to alcohol","JOUPERNB","Days","NZL","New Zealand","2000","2000",29.2,,
"DUREA502","Mental and behavioural disorders due to alcohol","JOUPERNB","Days","NZL","New Zealand","2001","2001",27.4,,
"DUREA502","Mental and behavioural disorders due to alcohol","JOUPERNB","Days","NZL","New Zealand","2002","2002",29,,
"DUREA502","Mental and behavioural disorders due to alcohol","JOUPERNB","Days","NZL","New Zealand","2003","2003",32.8,,
"DUREA502","Mental and behavioural disorders due to alcohol","JOUPERNB","Days","NZL","New Zealand","2004","2004",29.6,,
"DUREA502","Mental and behavioural disorders due to alcohol","JOUPERNB","Days","NZL","New Zealand","2005","2005",16,,
"DUREA502","Mental and behavioural disorders due to alcohol","JOUPERNB","Days","NZL","New Zealand","2006","2006",7.9,,
"DUREA502","Mental and behavioural disorders due to alcohol","JOUPERNB","Days","NZL","New Zealand","2007","2007",11,,
"DUREA502","Mental and behavioural disorders due to alcohol","JOUPERNB","Days","NZL","New Zealand","2008","2008",10.3,,
"DUREA502","Mental and behavioural disorders due to alcohol","JOUPERNB","Days","NZL","New Zealand","2009","2009",10.5,,
"DUREA502","Mental and behavioural disorders due to alcohol","JOUPERNB","Days","NZL","New Zealand","2010","2010",11.3,,
"DUREA502","Mental and behavioural disorders due to alcohol","JOUPERNB","Days","NZL","New Zealand","2011","2011",6.6,,
"DUREA502","Mental and behavioural disorders due to alcohol","JOUPERNB","Days","NZL","New Zealand","2012","2012",9.3,,
"DUREA502","Mental and behavioural disorders due to alcohol","JOUPERNB","Days","NZL","New Zealand","2013","2013",8.2,,
"DUREA502","Mental and behavioural disorders due to alcohol","JOUPERNB","Days","NZL","New Zealand","2014","2014",8.2,,
"DUREA502","Mental and behavioural disorders due to alcohol","JOUPERNB","Days","NZL","New Zealand","2015","2015",6,,
"DUREA502","Mental and behavioural disorders due to alcohol","JOUPERNB","Days","NZL","New Zealand","2016","2016",6.2,,
"DUREA502","Mental and behavioural disorders due to alcohol","JOUPERNB","Days","NZL","New Zealand","2017","2017",7,,
"DUREA502","Mental and behavioural disorders due to alcohol","JOUPERNB","Days","NZL","New Zealand","2018","2018",8.1,,
"DUREA502","Mental and behavioural disorders due to alcohol","JOUPERNB","Days","NZL","New Zealand","2019","2019",6.4,,
"DUREA502","Mental and behavioural disorders due to alcohol","JOUPERNB","Days","NOR","Norway","2000","2000",2.4,,
"DUREA502","Mental and behavioural disorders due to alcohol","JOUPERNB","Days","NOR","Norway","2001","2001",2.3,,
"DUREA502","Mental and behavioural disorders due to alcohol","JOUPERNB","Days","NOR","Norway","2002","2002",2.2,,
"DUREA502","Mental and behavioural disorders due to alcohol","JOUPERNB","Days","NOR","Norway","2003","2003",2.2,,
"DUREA502","Mental and behavioural disorders due to alcohol","JOUPERNB","Days","NOR","Norway","2004","2004",2.1,,
"DUREA502","Mental and behavioural disorders due to alcohol","JOUPERNB","Days","NOR","Norway","2005","2005",2.2,,
"DUREA502","Mental and behavioural disorders due to alcohol","JOUPERNB","Days","NOR","Norway","2006","2006",2,,
"DUREA502","Mental and behavioural disorders due to alcohol","JOUPERNB","Days","NOR","Norway","2007","2007",1.9,,
"DUREA502","Mental and behavioural disorders due to alcohol","JOUPERNB","Days","NOR","Norway","2008","2008",1.8,,
"DUREA502","Mental and behavioural disorders due to alcohol","JOUPERNB","Days","NOR","Norway","2009","2009",1.8,,
"DUREA502","Mental and behavioural disorders due to alcohol","JOUPERNB","Days","NOR","Norway","2010","2010",1.7,,
"DUREA502","Mental and behavioural disorders due to alcohol","JOUPERNB","Days","NOR","Norway","2011","2011",15.2,"B","Break"
"DUREA502","Mental and behavioural disorders due to alcohol","JOUPERNB","Days","NOR","Norway","2012","2012",14.9,,
"DUREA502","Mental and behavioural disorders due to alcohol","JOUPERNB","Days","NOR","Norway","2013","2013",15,,
"DUREA502","Mental and behavioural disorders due to alcohol","JOUPERNB","Days","NOR","Norway","2014","2014",14.2,,
"DUREA502","Mental and behavioural disorders due to alcohol","JOUPERNB","Days","NOR","Norway","2015","2015",15.3,,
"DUREA502","Mental and behavioural disorders due to alcohol","JOUPERNB","Days","NOR","Norway","2016","2016",15.6,,
"DUREA502","Mental and behavioural disorders due to alcohol","JOUPERNB","Days","NOR","Norway","2017","2017",15.3,,
"DUREA502","Mental and behavioural disorders due to alcohol","JOUPERNB","Days","NOR","Norway","2018","2018",15.3,,
"DUREA502","Mental and behavioural disorders due to alcohol","JOUPERNB","Days","NOR","Norway","2019","2019",15.3,,
"DUREA502","Mental and behavioural disorders due to alcohol","JOUPERNB","Days","NOR","Norway","2020","2020",15.7,,
"DUREA502","Mental and behavioural disorders due to alcohol","JOUPERNB","Days","NOR","Norway","2021","2021",16.2,,
"DUREA502","Mental and behavioural disorders due to alcohol","JOUPERNB","Days","POL","Poland","2003","2003",12.5,,
"DUREA502","Mental and behavioural disorders due to alcohol","JOUPERNB","Days","POL","Poland","2004","2004",11.5,,
"DUREA502","Mental and behavioural disorders due to alcohol","JOUPERNB","Days","POL","Poland","2005","2005",18.9,"B","Break"
"DUREA502","Mental and behavioural disorders due to alcohol","JOUPERNB","Days","POL","Poland","2006","2006",17.8,,
"DUREA502","Mental and behavioural disorders due to alcohol","JOUPERNB","Days","POL","Poland","2007","2007",17.6,,
"DUREA502","Mental and behavioural disorders due to alcohol","JOUPERNB","Days","POL","Poland","2008","2008",20.6,,
"DUREA502","Mental and behavioural disorders due to alcohol","JOUPERNB","Days","POL","Poland","2009","2009",21,,
"DUREA502","Mental and behavioural disorders due to alcohol","JOUPERNB","Days","POL","Poland","2010","2010",21.3,,
"DUREA502","Mental and behavioural disorders due to alcohol","JOUPERNB","Days","POL","Poland","2011","2011",20.7,,
"DUREA502","Mental and behavioural disorders due to alcohol","JOUPERNB","Days","POL","Poland","2012","2012",19.4,,
"DUREA502","Mental and behavioural disorders due to alcohol","JOUPERNB","Days","POL","Poland","2013","2013",19.6,,
"DUREA502","Mental and behavioural disorders due to alcohol","JOUPERNB","Days","POL","Poland","2014","2014",19.8,,
"DUREA502","Mental and behavioural disorders due to alcohol","JOUPERNB","Days","POL","Poland","2015","2015",21.1,,
"DUREA502","Mental and behavioural disorders due to alcohol","JOUPERNB","Days","POL","Poland","2016","2016",19.7,,
"DUREA502","Mental and behavioural disorders due to alcohol","JOUPERNB","Days","POL","Poland","2017","2017",20.9,,
"DUREA502","Mental and behavioural disorders due to alcohol","JOUPERNB","Days","POL","Poland","2018","2018",21,,
"DUREA502","Mental and behavioural disorders due to alcohol","JOUPERNB","Days","POL","Poland","2019","2019",21.4,,
"DUREA502","Mental and behavioural disorders due to alcohol","JOUPERNB","Days","POL","Poland","2020","2020",22,,
"DUREA502","Mental and behavioural disorders due to alcohol","JOUPERNB","Days","PRT","Portugal","1995","1995",11.9,,
"DUREA502","Mental and behavioural disorders due to alcohol","JOUPERNB","Days","PRT","Portugal","1996","1996",12,,
"DUREA502","Mental and behavioural disorders due to alcohol","JOUPERNB","Days","PRT","Portugal","1997","1997",12.3,,
"DUREA502","Mental and behavioural disorders due to alcohol","JOUPERNB","Days","PRT","Portugal","1998","1998",11.5,,
"DUREA502","Mental and behavioural disorders due to alcohol","JOUPERNB","Days","PRT","Portugal","1999","1999",11.3,,
"DUREA502","Mental and behavioural disorders due to alcohol","JOUPERNB","Days","PRT","Portugal","2000","2000",11.4,,
"DUREA502","Mental and behavioural disorders due to alcohol","JOUPERNB","Days","PRT","Portugal","2001","2001",11.6,,
"DUREA502","Mental and behavioural disorders due to alcohol","JOUPERNB","Days","PRT","Portugal","2002","2002",11.6,,
"DUREA502","Mental and behavioural disorders due to alcohol","JOUPERNB","Days","PRT","Portugal","2003","2003",11.9,,
"DUREA502","Mental and behavioural disorders due to alcohol","JOUPERNB","Days","PRT","Portugal","2004","2004",11.8,,
"DUREA502","Mental and behavioural disorders due to alcohol","JOUPERNB","Days","PRT","Portugal","2005","2005",12.2,,
"DUREA502","Mental and behavioural disorders due to alcohol","JOUPERNB","Days","PRT","Portugal","2006","2006",11.8,,
"DUREA502","Mental and behavioural disorders due to alcohol","JOUPERNB","Days","PRT","Portugal","2007","2007",11.5,,
"DUREA502","Mental and behavioural disorders due to alcohol","JOUPERNB","Days","PRT","Portugal","2008","2008",13.7,,
"DUREA502","Mental and behavioural disorders due to alcohol","JOUPERNB","Days","PRT","Portugal","2009","2009",12.2,,
"DUREA502","Mental and behavioural disorders due to alcohol","JOUPERNB","Days","PRT","Portugal","2010","2010",12.9,,
"DUREA502","Mental and behavioural disorders due to alcohol","JOUPERNB","Days","PRT","Portugal","2011","2011",12.9,,
"DUREA502","Mental and behavioural disorders due to alcohol","JOUPERNB","Days","PRT","Portugal","2012","2012",12.6,,
"DUREA502","Mental and behavioural disorders due to alcohol","JOUPERNB","Days","PRT","Portugal","2013","2013",12,,
"DUREA502","Mental and behavioural disorders due to alcohol","JOUPERNB","Days","PRT","Portugal","2014","2014",13.2,,
"DUREA502","Mental and behavioural disorders due to alcohol","JOUPERNB","Days","PRT","Portugal","2015","2015",12.8,,
"DUREA502","Mental and behavioural disorders due to alcohol","JOUPERNB","Days","PRT","Portugal","2018","2018",13.8,,
"DUREA502","Mental and behavioural disorders due to alcohol","JOUPERNB","Days","PRT","Portugal","2019","2019",13.3,,
"DUREA502","Mental and behavioural disorders due to alcohol","JOUPERNB","Days","PRT","Portugal","2020","2020",15.5,,
"DUREA502","Mental and behavioural disorders due to alcohol","JOUPERNB","Days","SVK","Slovak Republic","2000","2000",31.7,,
"DUREA502","Mental and behavioural disorders due to alcohol","JOUPERNB","Days","SVK","Slovak Republic","2001","2001",30.3,,
"DUREA502","Mental and behavioural disorders due to alcohol","JOUPERNB","Days","SVK","Slovak Republic","2002","2002",29,,
"DUREA502","Mental and behavioural disorders due to alcohol","JOUPERNB","Days","SVK","Slovak Republic","2003","2003",29.6,,
"DUREA502","Mental and behavioural disorders due to alcohol","JOUPERNB","Days","SVK","Slovak Republic","2004","2004",31.7,,
"DUREA502","Mental and behavioural disorders due to alcohol","JOUPERNB","Days","SVK","Slovak Republic","2005","2005",30.3,,
"DUREA502","Mental and behavioural disorders due to alcohol","JOUPERNB","Days","SVK","Slovak Republic","2006","2006",30,,
"DUREA502","Mental and behavioural disorders due to alcohol","JOUPERNB","Days","SVK","Slovak Republic","2008","2008",26.9,,
"DUREA502","Mental and behavioural disorders due to alcohol","JOUPERNB","Days","SVK","Slovak Republic","2009","2009",28,,
"DUREA502","Mental and behavioural disorders due to alcohol","JOUPERNB","Days","SVK","Slovak Republic","2010","2010",28,,
"DUREA502","Mental and behavioural disorders due to alcohol","JOUPERNB","Days","SVK","Slovak Republic","2011","2011",27.9,,
"DUREA502","Mental and behavioural disorders due to alcohol","JOUPERNB","Days","SVK","Slovak Republic","2012","2012",28.6,,
"DUREA502","Mental and behavioural disorders due to alcohol","JOUPERNB","Days","SVK","Slovak Republic","2014","2014",26.8,,
"DUREA502","Mental and behavioural disorders due to alcohol","JOUPERNB","Days","SVK","Slovak Republic","2015","2015",27.4,,
"DUREA502","Mental and behavioural disorders due to alcohol","JOUPERNB","Days","SVK","Slovak Republic","2016","2016",26.7,,
"DUREA502","Mental and behavioural disorders due to alcohol","JOUPERNB","Days","SVK","Slovak Republic","2017","2017",26.6,,
"DUREA502","Mental and behavioural disorders due to alcohol","JOUPERNB","Days","SVK","Slovak Republic","2018","2018",26.2,,
"DUREA502","Mental and behavioural disorders due to alcohol","JOUPERNB","Days","SVK","Slovak Republic","2019","2019",26.8,,
"DUREA502","Mental and behavioural disorders due to alcohol","JOUPERNB","Days","SVK","Slovak Republic","2020","2020",28.1,,
"DUREA502","Mental and behavioural disorders due to alcohol","JOUPERNB","Days","ESP","Spain","1990","1990",43.7,,
"DUREA502","Mental and behavioural disorders due to alcohol","JOUPERNB","Days","ESP","Spain","1991","1991",38.2,,
"DUREA502","Mental and behavioural disorders due to alcohol","JOUPERNB","Days","ESP","Spain","1992","1992",55.5,,
"DUREA502","Mental and behavioural disorders due to alcohol","JOUPERNB","Days","ESP","Spain","1993","1993",39.7,,
"DUREA502","Mental and behavioural disorders due to alcohol","JOUPERNB","Days","ESP","Spain","1994","1994",33,,
"DUREA502","Mental and behavioural disorders due to alcohol","JOUPERNB","Days","ESP","Spain","1995","1995",31,,
"DUREA502","Mental and behavioural disorders due to alcohol","JOUPERNB","Days","ESP","Spain","1996","1996",24.9,,
"DUREA502","Mental and behavioural disorders due to alcohol","JOUPERNB","Days","ESP","Spain","1997","1997",24.3,,
"DUREA502","Mental and behavioural disorders due to alcohol","JOUPERNB","Days","ESP","Spain","1998","1998",24.6,,
"DUREA502","Mental and behavioural disorders due to alcohol","JOUPERNB","Days","ESP","Spain","1999","1999",33.7,,
"DUREA502","Mental and behavioural disorders due to alcohol","JOUPERNB","Days","ESP","Spain","2000","2000",20.9,,
"DUREA502","Mental and behavioural disorders due to alcohol","JOUPERNB","Days","ESP","Spain","2001","2001",12.8,,
"DUREA502","Mental and behavioural disorders due to alcohol","JOUPERNB","Days","ESP","Spain","2002","2002",12.8,,
"DUREA502","Mental and behavioural disorders due to alcohol","JOUPERNB","Days","ESP","Spain","2003","2003",13,,
"DUREA502","Mental and behavioural disorders due to alcohol","JOUPERNB","Days","ESP","Spain","2004","2004",11.9,,
"DUREA502","Mental and behavioural disorders due to alcohol","JOUPERNB","Days","ESP","Spain","2005","2005",11.9,,
"DUREA502","Mental and behavioural disorders due to alcohol","JOUPERNB","Days","ESP","Spain","2006","2006",11.9,,
"DUREA502","Mental and behavioural disorders due to alcohol","JOUPERNB","Days","ESP","Spain","2007","2007",12.2,,
"DUREA502","Mental and behavioural disorders due to alcohol","JOUPERNB","Days","ESP","Spain","2008","2008",12.3,,
"DUREA502","Mental and behavioural disorders due to alcohol","JOUPERNB","Days","ESP","Spain","2009","2009",12.4,,
"DUREA502","Mental and behavioural disorders due to alcohol","JOUPERNB","Days","ESP","Spain","2010","2010",12.3,,
"DUREA502","Mental and behavioural disorders due to alcohol","JOUPERNB","Days","ESP","Spain","2011","2011",12.1,,
"DUREA502","Mental and behavioural disorders due to alcohol","JOUPERNB","Days","ESP","Spain","2012","2012",12.4,,
"DUREA502","Mental and behavioural disorders due to alcohol","JOUPERNB","Days","ESP","Spain","2013","2013",12.5,,
"DUREA502","Mental and behavioural disorders due to alcohol","JOUPERNB","Days","ESP","Spain","2014","2014",12.3,,
"DUREA502","Mental and behavioural disorders due to alcohol","JOUPERNB","Days","ESP","Spain","2015","2015",12.9,,
"DUREA502","Mental and behavioural disorders due to alcohol","JOUPERNB","Days","ESP","Spain","2016","2016",16.9,"B","Break"
"DUREA502","Mental and behavioural disorders due to alcohol","JOUPERNB","Days","ESP","Spain","2017","2017",18.7,,
"DUREA502","Mental and behavioural disorders due to alcohol","JOUPERNB","Days","ESP","Spain","2018","2018",23.6,,
"DUREA502","Mental and behavioural disorders due to alcohol","JOUPERNB","Days","ESP","Spain","2019","2019",25.9,,
"DUREA502","Mental and behavioural disorders due to alcohol","JOUPERNB","Days","ESP","Spain","2020","2020",30.3,,
"DUREA502","Mental and behavioural disorders due to alcohol","JOUPERNB","Days","SWE","Sweden","2000","2000",4.8,,
"DUREA502","Mental and behavioural disorders due to alcohol","JOUPERNB","Days","SWE","Sweden","2001","2001",4.7,,
"DUREA502","Mental and behavioural disorders due to alcohol","JOUPERNB","Days","SWE","Sweden","2002","2002",4.6,,
"DUREA502","Mental and behavioural disorders due to alcohol","JOUPERNB","Days","SWE","Sweden","2003","2003",4.4,,
"DUREA502","Mental and behavioural disorders due to alcohol","JOUPERNB","Days","SWE","Sweden","2004","2004",4.3,,
"DUREA502","Mental and behavioural disorders due to alcohol","JOUPERNB","Days","SWE","Sweden","2005","2005",4.5,,
"DUREA502","Mental and behavioural disorders due to alcohol","JOUPERNB","Days","SWE","Sweden","2006","2006",4.5,,
"DUREA502","Mental and behavioural disorders due to alcohol","JOUPERNB","Days","SWE","Sweden","2007","2007",4.3,,
"DUREA502","Mental and behavioural disorders due to alcohol","JOUPERNB","Days","SWE","Sweden","2008","2008",4.5,,
"DUREA502","Mental and behavioural disorders due to alcohol","JOUPERNB","Days","SWE","Sweden","2009","2009",4.1,,
"DUREA502","Mental and behavioural disorders due to alcohol","JOUPERNB","Days","SWE","Sweden","2010","2010",4.7,,
"DUREA502","Mental and behavioural disorders due to alcohol","JOUPERNB","Days","SWE","Sweden","2013","2013",3.9,,
"DUREA502","Mental and behavioural disorders due to alcohol","JOUPERNB","Days","SWE","Sweden","2014","2014",3.9,,
"DUREA502","Mental and behavioural disorders due to alcohol","JOUPERNB","Days","SWE","Sweden","2015","2015",3.9,,
"DUREA502","Mental and behavioural disorders due to alcohol","JOUPERNB","Days","SWE","Sweden","2016","2016",4,,
"DUREA502","Mental and behavioural disorders due to alcohol","JOUPERNB","Days","SWE","Sweden","2017","2017",4.3,,
"DUREA502","Mental and behavioural disorders due to alcohol","JOUPERNB","Days","SWE","Sweden","2018","2018",4,,
"DUREA502","Mental and behavioural disorders due to alcohol","JOUPERNB","Days","SWE","Sweden","2019","2019",4.3,,
"DUREA502","Mental and behavioural disorders due to alcohol","JOUPERNB","Days","SWE","Sweden","2020","2020",3.8,,
"DUREA502","Mental and behavioural disorders due to alcohol","JOUPERNB","Days","CHE","Switzerland","2002","2002",27.4,,
"DUREA502","Mental and behavioural disorders due to alcohol","JOUPERNB","Days","CHE","Switzerland","2003","2003",26.1,,
"DUREA502","Mental and behavioural disorders due to alcohol","JOUPERNB","Days","CHE","Switzerland","2004","2004",24.7,,
"DUREA502","Mental and behavioural disorders due to alcohol","JOUPERNB","Days","CHE","Switzerland","2005","2005",24.4,,
"DUREA502","Mental and behavioural disorders due to alcohol","JOUPERNB","Days","CHE","Switzerland","2006","2006",22.9,,
"DUREA502","Mental and behavioural disorders due to alcohol","JOUPERNB","Days","CHE","Switzerland","2007","2007",20.8,,
"DUREA502","Mental and behavioural disorders due to alcohol","JOUPERNB","Days","CHE","Switzerland","2008","2008",21.1,,
"DUREA502","Mental and behavioural disorders due to alcohol","JOUPERNB","Days","CHE","Switzerland","2009","2009",22.9,,
"DUREA502","Mental and behavioural disorders due to alcohol","JOUPERNB","Days","CHE","Switzerland","2010","2010",20.1,,
"DUREA502","Mental and behavioural disorders due to alcohol","JOUPERNB","Days","CHE","Switzerland","2011","2011",19.8,,
"DUREA502","Mental and behavioural disorders due to alcohol","JOUPERNB","Days","CHE","Switzerland","2012","2012",19.8,,
"DUREA502","Mental and behavioural disorders due to alcohol","JOUPERNB","Days","CHE","Switzerland","2013","2013",20.1,,
"DUREA502","Mental and behavioural disorders due to alcohol","JOUPERNB","Days","CHE","Switzerland","2014","2014",19.5,,
"DUREA502","Mental and behavioural disorders due to alcohol","JOUPERNB","Days","CHE","Switzerland","2015","2015",19.8,,
"DUREA502","Mental and behavioural disorders due to alcohol","JOUPERNB","Days","CHE","Switzerland","2016","2016",20,,
"DUREA502","Mental and behavioural disorders due to alcohol","JOUPERNB","Days","CHE","Switzerland","2017","2017",19,,
"DUREA502","Mental and behavioural disorders due to alcohol","JOUPERNB","Days","CHE","Switzerland","2018","2018",18.7,,
"DUREA502","Mental and behavioural disorders due to alcohol","JOUPERNB","Days","CHE","Switzerland","2019","2019",17.9,,
"DUREA502","Mental and behavioural disorders due to alcohol","JOUPERNB","Days","CHE","Switzerland","2020","2020",18.6,,
"DUREA502","Mental and behavioural disorders due to alcohol","JOUPERNB","Days","TUR","Türkiye","2011","2011",18.8,,
"DUREA502","Mental and behavioural disorders due to alcohol","JOUPERNB","Days","TUR","Türkiye","2012","2012",19.1,,
"DUREA502","Mental and behavioural disorders due to alcohol","JOUPERNB","Days","TUR","Türkiye","2013","2013",20.3,,
"DUREA502","Mental and behavioural disorders due to alcohol","JOUPERNB","Days","TUR","Türkiye","2014","2014",19.1,,
"DUREA502","Mental and behavioural disorders due to alcohol","JOUPERNB","Days","TUR","Türkiye","2015","2015",13.1,,
"DUREA502","Mental and behavioural disorders due to alcohol","JOUPERNB","Days","TUR","Türkiye","2016","2016",13.5,,
"DUREA502","Mental and behavioural disorders due to alcohol","JOUPERNB","Days","TUR","Türkiye","2017","2017",14.6,,
"DUREA502","Mental and behavioural disorders due to alcohol","JOUPERNB","Days","TUR","Türkiye","2018","2018",14.4,,
"DUREA502","Mental and behavioural disorders due to alcohol","JOUPERNB","Days","GBR","United Kingdom","2000","2000",11,,
"DUREA502","Mental and behavioural disorders due to alcohol","JOUPERNB","Days","GBR","United Kingdom","2001","2001",11.7,,
"DUREA502","Mental and behavioural disorders due to alcohol","JOUPERNB","Days","GBR","United Kingdom","2002","2002",10.9,,
"DUREA502","Mental and behavioural disorders due to alcohol","JOUPERNB","Days","GBR","United Kingdom","2003","2003",10.8,,
"DUREA502","Mental and behavioural disorders due to alcohol","JOUPERNB","Days","GBR","United Kingdom","2004","2004",10.3,,
"DUREA502","Mental and behavioural disorders due to alcohol","JOUPERNB","Days","GBR","United Kingdom","2005","2005",9.1,,
"DUREA502","Mental and behavioural disorders due to alcohol","JOUPERNB","Days","GBR","United Kingdom","2006","2006",9.1,,
"DUREA502","Mental and behavioural disorders due to alcohol","JOUPERNB","Days","GBR","United Kingdom","2007","2007",8.2,,
"DUREA502","Mental and behavioural disorders due to alcohol","JOUPERNB","Days","GBR","United Kingdom","2008","2008",7.8,,
"DUREA502","Mental and behavioural disorders due to alcohol","JOUPERNB","Days","GBR","United Kingdom","2009","2009",7.7,,
"DUREA502","Mental and behavioural disorders due to alcohol","JOUPERNB","Days","GBR","United Kingdom","2010","2010",7.1,,
"DUREA502","Mental and behavioural disorders due to alcohol","JOUPERNB","Days","GBR","United Kingdom","2011","2011",7.1,,
"DUREA502","Mental and behavioural disorders due to alcohol","JOUPERNB","Days","GBR","United Kingdom","2012","2012",7.1,,
"DUREA502","Mental and behavioural disorders due to alcohol","JOUPERNB","Days","GBR","United Kingdom","2013","2013",6.4,,
"DUREA502","Mental and behavioural disorders due to alcohol","JOUPERNB","Days","GBR","United Kingdom","2014","2014",6.4,,
"DUREA502","Mental and behavioural disorders due to alcohol","JOUPERNB","Days","GBR","United Kingdom","2015","2015",6,,
"DUREA502","Mental and behavioural disorders due to alcohol","JOUPERNB","Days","GBR","United Kingdom","2016","2016",6,,
"DUREA502","Mental and behavioural disorders due to alcohol","JOUPERNB","Days","GBR","United Kingdom","2018","2018",6.3,,
"DUREA502","Mental and behavioural disorders due to alcohol","JOUPERNB","Days","USA","United States","1990","1990",8.9,,
"DUREA502","Mental and behavioural disorders due to alcohol","JOUPERNB","Days","USA","United States","1991","1991",8.6,,
"DUREA502","Mental and behavioural disorders due to alcohol","JOUPERNB","Days","USA","United States","1992","1992",8.3,,
"DUREA502","Mental and behavioural disorders due to alcohol","JOUPERNB","Days","USA","United States","1993","1993",7.6,,
"DUREA502","Mental and behavioural disorders due to alcohol","JOUPERNB","Days","USA","United States","1994","1994",7.2,,
"DUREA502","Mental and behavioural disorders due to alcohol","JOUPERNB","Days","USA","United States","1995","1995",6.5,,
"DUREA502","Mental and behavioural disorders due to alcohol","JOUPERNB","Days","USA","United States","1996","1996",6.3,,
"DUREA502","Mental and behavioural disorders due to alcohol","JOUPERNB","Days","USA","United States","1997","1997",6.1,,
"DUREA502","Mental and behavioural disorders due to alcohol","JOUPERNB","Days","USA","United States","1998","1998",5.2,,
"DUREA502","Mental and behavioural disorders due to alcohol","JOUPERNB","Days","USA","United States","1999","1999",5,,
"DUREA502","Mental and behavioural disorders due to alcohol","JOUPERNB","Days","USA","United States","2000","2000",5.1,,
"DUREA502","Mental and behavioural disorders due to alcohol","JOUPERNB","Days","USA","United States","2001","2001",5.1,,
"DUREA502","Mental and behavioural disorders due to alcohol","JOUPERNB","Days","USA","United States","2002","2002",5,,
"DUREA502","Mental and behavioural disorders due to alcohol","JOUPERNB","Days","USA","United States","2003","2003",4.8,,
"DUREA502","Mental and behavioural disorders due to alcohol","JOUPERNB","Days","USA","United States","2004","2004",4.8,,
"DUREA502","Mental and behavioural disorders due to alcohol","JOUPERNB","Days","USA","United States","2005","2005",4.5,,
"DUREA502","Mental and behavioural disorders due to alcohol","JOUPERNB","Days","USA","United States","2006","2006",4.5,,
"DUREA502","Mental and behavioural disorders due to alcohol","JOUPERNB","Days","USA","United States","2007","2007",4.5,,
"DUREA502","Mental and behavioural disorders due to alcohol","JOUPERNB","Days","USA","United States","2008","2008",4.1,,
"DUREA502","Mental and behavioural disorders due to alcohol","JOUPERNB","Days","USA","United States","2009","2009",4.2,,
"DUREA502","Mental and behavioural disorders due to alcohol","JOUPERNB","Days","USA","United States","2010","2010",4.2,,
"DUREA502","Mental and behavioural disorders due to alcohol","JOUPERNB","Days","CHL","Chile","2001","2001",9.9,,
"DUREA502","Mental and behavioural disorders due to alcohol","JOUPERNB","Days","CHL","Chile","2002","2002",10.2,,
"DUREA502","Mental and behavioural disorders due to alcohol","JOUPERNB","Days","CHL","Chile","2003","2003",10.7,,
"DUREA502","Mental and behavioural disorders due to alcohol","JOUPERNB","Days","CHL","Chile","2004","2004",10.2,,
"DUREA502","Mental and behavioural disorders due to alcohol","JOUPERNB","Days","CHL","Chile","2005","2005",9.6,,
"DUREA502","Mental and behavioural disorders due to alcohol","JOUPERNB","Days","CHL","Chile","2006","2006",9.7,,
"DUREA502","Mental and behavioural disorders due to alcohol","JOUPERNB","Days","CHL","Chile","2007","2007",9.3,,
"DUREA502","Mental and behavioural disorders due to alcohol","JOUPERNB","Days","CHL","Chile","2008","2008",9.5,,
"DUREA502","Mental and behavioural disorders due to alcohol","JOUPERNB","Days","CHL","Chile","2009","2009",9.5,,
"DUREA502","Mental and behavioural disorders due to alcohol","JOUPERNB","Days","CHL","Chile","2010","2010",9.6,,
"DUREA502","Mental and behavioural disorders due to alcohol","JOUPERNB","Days","CHL","Chile","2011","2011",9.5,,
"DUREA502","Mental and behavioural disorders due to alcohol","JOUPERNB","Days","CHL","Chile","2012","2012",10,,
"DUREA502","Mental and behavioural disorders due to alcohol","JOUPERNB","Days","CHL","Chile","2013","2013",11.7,,
"DUREA502","Mental and behavioural disorders due to alcohol","JOUPERNB","Days","CHL","Chile","2014","2014",11.6,,
"DUREA502","Mental and behavioural disorders due to alcohol","JOUPERNB","Days","CHL","Chile","2015","2015",12.4,,
"DUREA502","Mental and behavioural disorders due to alcohol","JOUPERNB","Days","CHL","Chile","2016","2016",11.4,,
"DUREA502","Mental and behavioural disorders due to alcohol","JOUPERNB","Days","CHL","Chile","2017","2017",11.7,,
"DUREA502","Mental and behavioural disorders due to alcohol","JOUPERNB","Days","CHL","Chile","2018","2018",17.3,,
"DUREA502","Mental and behavioural disorders due to alcohol","JOUPERNB","Days","CHL","Chile","2019","2019",12.6,,
"DUREA502","Mental and behavioural disorders due to alcohol","JOUPERNB","Days","CHL","Chile","2020","2020",10.4,,
"DUREA502","Mental and behavioural disorders due to alcohol","JOUPERNB","Days","ISR","Israel","2000","2000",18.9,,
"DUREA502","Mental and behavioural disorders due to alcohol","JOUPERNB","Days","ISR","Israel","2001","2001",8.6,,
"DUREA502","Mental and behavioural disorders due to alcohol","JOUPERNB","Days","ISR","Israel","2002","2002",8.4,,
"DUREA502","Mental and behavioural disorders due to alcohol","JOUPERNB","Days","ISR","Israel","2003","2003",12.3,,
"DUREA502","Mental and behavioural disorders due to alcohol","JOUPERNB","Days","ISR","Israel","2004","2004",14.2,,
"DUREA502","Mental and behavioural disorders due to alcohol","JOUPERNB","Days","ISR","Israel","2005","2005",22.2,,
"DUREA502","Mental and behavioural disorders due to alcohol","JOUPERNB","Days","ISR","Israel","2006","2006",10.2,,
"DUREA502","Mental and behavioural disorders due to alcohol","JOUPERNB","Days","ISR","Israel","2007","2007",9.2,,
"DUREA502","Mental and behavioural disorders due to alcohol","JOUPERNB","Days","ISR","Israel","2008","2008",10.1,,
"DUREA502","Mental and behavioural disorders due to alcohol","JOUPERNB","Days","ISR","Israel","2009","2009",11.7,,
"DUREA502","Mental and behavioural disorders due to alcohol","JOUPERNB","Days","ISR","Israel","2010","2010",9.5,,
"DUREA502","Mental and behavioural disorders due to alcohol","JOUPERNB","Days","ISR","Israel","2011","2011",9.5,,
"DUREA502","Mental and behavioural disorders due to alcohol","JOUPERNB","Days","ISR","Israel","2012","2012",8.5,,
"DUREA502","Mental and behavioural disorders due to alcohol","JOUPERNB","Days","ISR","Israel","2013","2013",8.4,,
"DUREA502","Mental and behavioural disorders due to alcohol","JOUPERNB","Days","ISR","Israel","2014","2014",10.5,,
"DUREA502","Mental and behavioural disorders due to alcohol","JOUPERNB","Days","ISR","Israel","2015","2015",6.3,,
"DUREA502","Mental and behavioural disorders due to alcohol","JOUPERNB","Days","ISR","Israel","2016","2016",7.3,,
"DUREA502","Mental and behavioural disorders due to alcohol","JOUPERNB","Days","ISR","Israel","2017","2017",7.7,,
"DUREA502","Mental and behavioural disorders due to alcohol","JOUPERNB","Days","ISR","Israel","2018","2018",6.4,,
"DUREA502","Mental and behavioural disorders due to alcohol","JOUPERNB","Days","ISR","Israel","2019","2019",4.7,,
"DUREA502","Mental and behavioural disorders due to alcohol","JOUPERNB","Days","ISR","Israel","2020","2020",4.3,,
"DUREA502","Mental and behavioural disorders due to alcohol","JOUPERNB","Days","SVN","Slovenia","1997","1997",4.8,,
"DUREA502","Mental and behavioural disorders due to alcohol","JOUPERNB","Days","SVN","Slovenia","1998","1998",5.3,,
"DUREA502","Mental and behavioural disorders due to alcohol","JOUPERNB","Days","SVN","Slovenia","1999","1999",4.2,,
"DUREA502","Mental and behavioural disorders due to alcohol","JOUPERNB","Days","SVN","Slovenia","2000","2000",4.4,,
"DUREA502","Mental and behavioural disorders due to alcohol","JOUPERNB","Days","SVN","Slovenia","2001","2001",4.3,,
"DUREA502","Mental and behavioural disorders due to alcohol","JOUPERNB","Days","SVN","Slovenia","2002","2002",4.4,,
"DUREA502","Mental and behavioural disorders due to alcohol","JOUPERNB","Days","SVN","Slovenia","2003","2003",3.9,,
"DUREA502","Mental and behavioural disorders due to alcohol","JOUPERNB","Days","SVN","Slovenia","2004","2004",30.7,"B","Break"
"DUREA502","Mental and behavioural disorders due to alcohol","JOUPERNB","Days","SVN","Slovenia","2005","2005",30.7,,
"DUREA502","Mental and behavioural disorders due to alcohol","JOUPERNB","Days","SVN","Slovenia","2006","2006",30.2,,
"DUREA502","Mental and behavioural disorders due to alcohol","JOUPERNB","Days","SVN","Slovenia","2007","2007",31.9,,
"DUREA502","Mental and behavioural disorders due to alcohol","JOUPERNB","Days","SVN","Slovenia","2008","2008",30.3,,
"DUREA502","Mental and behavioural disorders due to alcohol","JOUPERNB","Days","SVN","Slovenia","2009","2009",29.1,,
"DUREA502","Mental and behavioural disorders due to alcohol","JOUPERNB","Days","SVN","Slovenia","2010","2010",28.6,,
"DUREA502","Mental and behavioural disorders due to alcohol","JOUPERNB","Days","SVN","Slovenia","2011","2011",28.6,,
"DUREA502","Mental and behavioural disorders due to alcohol","JOUPERNB","Days","SVN","Slovenia","2012","2012",28.2,,
"DUREA502","Mental and behavioural disorders due to alcohol","JOUPERNB","Days","SVN","Slovenia","2013","2013",28.2,,
"DUREA502","Mental and behavioural disorders due to alcohol","JOUPERNB","Days","SVN","Slovenia","2014","2014",30.2,,
"DUREA502","Mental and behavioural disorders due to alcohol","JOUPERNB","Days","SVN","Slovenia","2015","2015",28.1,,
"DUREA502","Mental and behavioural disorders due to alcohol","JOUPERNB","Days","SVN","Slovenia","2016","2016",28.5,,
"DUREA502","Mental and behavioural disorders due to alcohol","JOUPERNB","Days","SVN","Slovenia","2017","2017",28.4,,
"DUREA502","Mental and behavioural disorders due to alcohol","JOUPERNB","Days","SVN","Slovenia","2018","2018",28.4,,
"DUREA502","Mental and behavioural disorders due to alcohol","JOUPERNB","Days","SVN","Slovenia","2019","2019",26.5,,
"DUREA502","Mental and behavioural disorders due to alcohol","JOUPERNB","Days","SVN","Slovenia","2020","2020",21.8,,
"DUREA502","Mental and behavioural disorders due to alcohol","JOUPERNB","Days","LVA","Latvia","2013","2013",4.6,,
"DUREA502","Mental and behavioural disorders due to alcohol","JOUPERNB","Days","LVA","Latvia","2014","2014",7.3,,
"DUREA502","Mental and behavioural disorders due to alcohol","JOUPERNB","Days","LVA","Latvia","2015","2015",6.6,,
"DUREA502","Mental and behavioural disorders due to alcohol","JOUPERNB","Days","LVA","Latvia","2016","2016",4.2,,
"DUREA502","Mental and behavioural disorders due to alcohol","JOUPERNB","Days","LVA","Latvia","2017","2017",5.7,,
"DUREA502","Mental and behavioural disorders due to alcohol","JOUPERNB","Days","LVA","Latvia","2018","2018",6.3,,
"DUREA502","Mental and behavioural disorders due to alcohol","JOUPERNB","Days","LVA","Latvia","2019","2019",6.7,,
"DUREA502","Mental and behavioural disorders due to alcohol","JOUPERNB","Days","LVA","Latvia","2020","2020",6.8,,
"DUREA502","Mental and behavioural disorders due to alcohol","JOUPERNB","Days","LTU","Lithuania","2012","2012",7.4,,
"DUREA502","Mental and behavioural disorders due to alcohol","JOUPERNB","Days","LTU","Lithuania","2013","2013",7.4,,
"DUREA502","Mental and behavioural disorders due to alcohol","JOUPERNB","Days","LTU","Lithuania","2014","2014",7.7,,
"DUREA502","Mental and behavioural disorders due to alcohol","JOUPERNB","Days","LTU","Lithuania","2015","2015",8.1,,
"DUREA502","Mental and behavioural disorders due to alcohol","JOUPERNB","Days","LTU","Lithuania","2016","2016",8.5,,
"DUREA502","Mental and behavioural disorders due to alcohol","JOUPERNB","Days","LTU","Lithuania","2017","2017",8.5,,
"DUREA502","Mental and behavioural disorders due to alcohol","JOUPERNB","Days","LTU","Lithuania","2018","2018",8.3,,
"DUREA502","Mental and behavioural disorders due to alcohol","JOUPERNB","Days","LTU","Lithuania","2019","2019",8.8,,
"DUREA502","Mental and behavioural disorders due to alcohol","JOUPERNB","Days","LTU","Lithuania","2020","2020",9,,
"DUREA502","Mental and behavioural disorders due to alcohol","JOUPERNB","Days","CRI","Costa Rica","1997","1997",6.4,,
"DUREA502","Mental and behavioural disorders due to alcohol","JOUPERNB","Days","CRI","Costa Rica","1998","1998",6,,
"DUREA502","Mental and behavioural disorders due to alcohol","JOUPERNB","Days","CRI","Costa Rica","1999","1999",6.6,,
"DUREA502","Mental and behavioural disorders due to alcohol","JOUPERNB","Days","CRI","Costa Rica","2000","2000",6.2,,
"DUREA502","Mental and behavioural disorders due to alcohol","JOUPERNB","Days","CRI","Costa Rica","2001","2001",6.9,,
"DUREA502","Mental and behavioural disorders due to alcohol","JOUPERNB","Days","CRI","Costa Rica","2002","2002",5.9,,
"DUREA502","Mental and behavioural disorders due to alcohol","JOUPERNB","Days","CRI","Costa Rica","2003","2003",7.6,,
"DUREA502","Mental and behavioural disorders due to alcohol","JOUPERNB","Days","CRI","Costa Rica","2004","2004",7,,
"DUREA502","Mental and behavioural disorders due to alcohol","JOUPERNB","Days","CRI","Costa Rica","2005","2005",6.7,,
"DUREA502","Mental and behavioural disorders due to alcohol","JOUPERNB","Days","CRI","Costa Rica","2006","2006",8.5,,
"DUREA502","Mental and behavioural disorders due to alcohol","JOUPERNB","Days","CRI","Costa Rica","2007","2007",7.6,,
"DUREA502","Mental and behavioural disorders due to alcohol","JOUPERNB","Days","CRI","Costa Rica","2008","2008",7.7,,
"DUREA502","Mental and behavioural disorders due to alcohol","JOUPERNB","Days","CRI","Costa Rica","2009","2009",8,,
"DUREA502","Mental and behavioural disorders due to alcohol","JOUPERNB","Days","CRI","Costa Rica","2010","2010",8,,
"DUREA502","Mental and behavioural disorders due to alcohol","JOUPERNB","Days","CRI","Costa Rica","2011","2011",7.7,,
"DUREA502","Mental and behavioural disorders due to alcohol","JOUPERNB","Days","CRI","Costa Rica","2012","2012",13.6,,
"DUREA502","Mental and behavioural disorders due to alcohol","JOUPERNB","Days","CRI","Costa Rica","2013","2013",9.9,,
"DUREA502","Mental and behavioural disorders due to alcohol","JOUPERNB","Days","CRI","Costa Rica","2014","2014",10.3,,
"DUREA502","Mental and behavioural disorders due to alcohol","JOUPERNB","Days","CRI","Costa Rica","2015","2015",12.2,,
"DUREA502","Mental and behavioural disorders due to alcohol","JOUPERNB","Days","CRI","Costa Rica","2016","2016",9.8,,
"DUREA502","Mental and behavioural disorders due to alcohol","JOUPERNB","Days","CRI","Costa Rica","2017","2017",9.5,,
"DUREA502","Mental and behavioural disorders due to alcohol","JOUPERNB","Days","CRI","Costa Rica","2018","2018",10,,
"DUREA502","Mental and behavioural disorders due to alcohol","JOUPERNB","Days","CRI","Costa Rica","2019","2019",10.8,,
"DUREA502","Mental and behavioural disorders due to alcohol","JOUPERNB","Days","CRI","Costa Rica","2020","2020",10.7,,
