VAR,Variable,UNIT,Measure,COU,Country,YEA,Year,Value,Flag Codes,Flags
DICDA502,Mental and behavioural disorders due to alcohol,RTOALLNB,Per 100 000 population,AUS,Australia,1993,1993,80.7,,
DICDA502,Mental and behavioural disorders due to alcohol,RTOALLNB,Per 100 000 population,AUS,Australia,1994,1994,76.5,,
DICDA502,Mental and behavioural disorders due to alcohol,RTOALLNB,Per 100 000 population,AUS,Australia,1995,1995,88.1,,
DICDA502,Mental and behavioural disorders due to alcohol,RTOALLNB,Per 100 000 population,AUS,Australia,1996,1996,85.5,,
DICDA502,Mental and behavioural disorders due to alcohol,RTOALLNB,Per 100 000 population,AUS,Australia,1997,1997,84.4,,
DICDA502,Mental and behavioural disorders due to alcohol,RTOALLNB,Per 100 000 population,AUS,Australia,1998,1998,84,,
DICDA502,Mental and behavioural disorders due to alcohol,RTOALLNB,Per 100 000 population,AUS,Australia,1999,1999,80.3,,
DICDA502,Mental and behavioural disorders due to alcohol,RTOALLNB,Per 100 000 population,AUS,Australia,2000,2000,82.5,,
DICDA502,Mental and behavioural disorders due to alcohol,RTOALLNB,Per 100 000 population,AUS,Australia,2001,2001,85.4,,
DICDA502,Mental and behavioural disorders due to alcohol,RTOALLNB,Per 100 000 population,AUS,Australia,2002,2002,87,,
DICDA502,Mental and behavioural disorders due to alcohol,RTOALLNB,Per 100 000 population,AUS,Australia,2003,2003,87.9,,
DICDA502,Mental and behavioural disorders due to alcohol,RTOALLNB,Per 100 000 population,AUS,Australia,2004,2004,89.2,,
DICDA502,Mental and behavioural disorders due to alcohol,RTOALLNB,Per 100 000 population,AUS,Australia,2005,2005,96.7,,
DICDA502,Mental and behavioural disorders due to alcohol,RTOALLNB,Per 100 000 population,AUS,Australia,2006,2006,103.2,,
DICDA502,Mental and behavioural disorders due to alcohol,RTOALLNB,Per 100 000 population,AUS,Australia,2007,2007,105.6,,
DICDA502,Mental and behavioural disorders due to alcohol,RTOALLNB,Per 100 000 population,AUS,Australia,2008,2008,107.5,,
DICDA502,Mental and behavioural disorders due to alcohol,RTOALLNB,Per 100 000 population,AUS,Australia,2009,2009,106.5,,
DICDA502,Mental and behavioural disorders due to alcohol,RTOALLNB,Per 100 000 population,AUS,Australia,2010,2010,107.2,,
DICDA502,Mental and behavioural disorders due to alcohol,RTOALLNB,Per 100 000 population,AUS,Australia,2011,2011,105.1,,
DICDA502,Mental and behavioural disorders due to alcohol,RTOALLNB,Per 100 000 population,AUS,Australia,2012,2012,105,,
DICDA502,Mental and behavioural disorders due to alcohol,RTOALLNB,Per 100 000 population,AUS,Australia,2013,2013,104.5,,
DICDA502,Mental and behavioural disorders due to alcohol,RTOALLNB,Per 100 000 population,AUS,Australia,2014,2014,105.3,,
DICDA502,Mental and behavioural disorders due to alcohol,RTOALLNB,Per 100 000 population,AUS,Australia,2015,2015,109.9,,
DICDA502,Mental and behavioural disorders due to alcohol,RTOALLNB,Per 100 000 population,AUS,Australia,2016,2016,115.3,,
DICDA502,Mental and behavioural disorders due to alcohol,RTOALLNB,Per 100 000 population,AUS,Australia,2017,2017,114.1,,
DICDA502,Mental and behavioural disorders due to alcohol,RTOALLNB,Per 100 000 population,AUS,Australia,2018,2018,117.5,,
DICDA502,Mental and behavioural disorders due to alcohol,RTOALLNB,Per 100 000 population,AUS,Australia,2019,2019,117.2,,
DICDA502,Mental and behavioural disorders due to alcohol,RTOALLNB,Per 100 000 population,AUT,Austria,1990,1990,238.3,,
DICDA502,Mental and behavioural disorders due to alcohol,RTOALLNB,Per 100 000 population,AUT,Austria,1991,1991,223.3,,
DICDA502,Mental and behavioural disorders due to alcohol,RTOALLNB,Per 100 000 population,AUT,Austria,1992,1992,211.5,,
DICDA502,Mental and behavioural disorders due to alcohol,RTOALLNB,Per 100 000 population,AUT,Austria,1993,1993,219.6,,
DICDA502,Mental and behavioural disorders due to alcohol,RTOALLNB,Per 100 000 population,AUT,Austria,1994,1994,219.9,,
DICDA502,Mental and behavioural disorders due to alcohol,RTOALLNB,Per 100 000 population,AUT,Austria,1995,1995,229.8,,
DICDA502,Mental and behavioural disorders due to alcohol,RTOALLNB,Per 100 000 population,AUT,Austria,1996,1996,229.1,,
DICDA502,Mental and behavioural disorders due to alcohol,RTOALLNB,Per 100 000 population,AUT,Austria,1997,1997,263.3,,
DICDA502,Mental and behavioural disorders due to alcohol,RTOALLNB,Per 100 000 population,AUT,Austria,1998,1998,268.1,,
DICDA502,Mental and behavioural disorders due to alcohol,RTOALLNB,Per 100 000 population,AUT,Austria,1999,1999,259.9,,
DICDA502,Mental and behavioural disorders due to alcohol,RTOALLNB,Per 100 000 population,AUT,Austria,2000,2000,258.2,,
DICDA502,Mental and behavioural disorders due to alcohol,RTOALLNB,Per 100 000 population,AUT,Austria,2001,2001,242.3,,
DICDA502,Mental and behavioural disorders due to alcohol,RTOALLNB,Per 100 000 population,AUT,Austria,2002,2002,229.4,,
DICDA502,Mental and behavioural disorders due to alcohol,RTOALLNB,Per 100 000 population,AUT,Austria,2003,2003,228.7,,
DICDA502,Mental and behavioural disorders due to alcohol,RTOALLNB,Per 100 000 population,AUT,Austria,2004,2004,234.4,,
DICDA502,Mental and behavioural disorders due to alcohol,RTOALLNB,Per 100 000 population,AUT,Austria,2005,2005,254.1,,
DICDA502,Mental and behavioural disorders due to alcohol,RTOALLNB,Per 100 000 population,AUT,Austria,2006,2006,256.6,,
DICDA502,Mental and behavioural disorders due to alcohol,RTOALLNB,Per 100 000 population,AUT,Austria,2007,2007,259.3,,
DICDA502,Mental and behavioural disorders due to alcohol,RTOALLNB,Per 100 000 population,AUT,Austria,2008,2008,279.6,,
DICDA502,Mental and behavioural disorders due to alcohol,RTOALLNB,Per 100 000 population,AUT,Austria,2009,2009,269.8,,
DICDA502,Mental and behavioural disorders due to alcohol,RTOALLNB,Per 100 000 population,AUT,Austria,2010,2010,264.6,,
DICDA502,Mental and behavioural disorders due to alcohol,RTOALLNB,Per 100 000 population,AUT,Austria,2011,2011,253.9,,
DICDA502,Mental and behavioural disorders due to alcohol,RTOALLNB,Per 100 000 population,AUT,Austria,2012,2012,238.2,,
DICDA502,Mental and behavioural disorders due to alcohol,RTOALLNB,Per 100 000 population,AUT,Austria,2013,2013,224.4,,
DICDA502,Mental and behavioural disorders due to alcohol,RTOALLNB,Per 100 000 population,AUT,Austria,2014,2014,222.3,,
DICDA502,Mental and behavioural disorders due to alcohol,RTOALLNB,Per 100 000 population,AUT,Austria,2015,2015,206.5,,
DICDA502,Mental and behavioural disorders due to alcohol,RTOALLNB,Per 100 000 population,AUT,Austria,2016,2016,203.5,,
DICDA502,Mental and behavioural disorders due to alcohol,RTOALLNB,Per 100 000 population,AUT,Austria,2017,2017,201.5,,
DICDA502,Mental and behavioural disorders due to alcohol,RTOALLNB,Per 100 000 population,AUT,Austria,2018,2018,194,,
DICDA502,Mental and behavioural disorders due to alcohol,RTOALLNB,Per 100 000 population,AUT,Austria,2019,2019,191.8,,
DICDA502,Mental and behavioural disorders due to alcohol,RTOALLNB,Per 100 000 population,AUT,Austria,2020,2020,148.7,,
DICDA502,Mental and behavioural disorders due to alcohol,RTOALLNB,Per 100 000 population,BEL,Belgium,2000,2000,107.9,,
DICDA502,Mental and behavioural disorders due to alcohol,RTOALLNB,Per 100 000 population,BEL,Belgium,2001,2001,102.4,,
DICDA502,Mental and behavioural disorders due to alcohol,RTOALLNB,Per 100 000 population,BEL,Belgium,2002,2002,104.6,,
DICDA502,Mental and behavioural disorders due to alcohol,RTOALLNB,Per 100 000 population,BEL,Belgium,2003,2003,114.5,,
DICDA502,Mental and behavioural disorders due to alcohol,RTOALLNB,Per 100 000 population,BEL,Belgium,2004,2004,119.6,,
DICDA502,Mental and behavioural disorders due to alcohol,RTOALLNB,Per 100 000 population,BEL,Belgium,2005,2005,116.6,,
DICDA502,Mental and behavioural disorders due to alcohol,RTOALLNB,Per 100 000 population,BEL,Belgium,2006,2006,115.4,,
DICDA502,Mental and behavioural disorders due to alcohol,RTOALLNB,Per 100 000 population,BEL,Belgium,2007,2007,114.2,,
DICDA502,Mental and behavioural disorders due to alcohol,RTOALLNB,Per 100 000 population,BEL,Belgium,2008,2008,109,,
DICDA502,Mental and behavioural disorders due to alcohol,RTOALLNB,Per 100 000 population,BEL,Belgium,2009,2009,108.7,,
DICDA502,Mental and behavioural disorders due to alcohol,RTOALLNB,Per 100 000 population,BEL,Belgium,2010,2010,104.9,,
DICDA502,Mental and behavioural disorders due to alcohol,RTOALLNB,Per 100 000 population,BEL,Belgium,2011,2011,107,,
DICDA502,Mental and behavioural disorders due to alcohol,RTOALLNB,Per 100 000 population,BEL,Belgium,2012,2012,101.4,,
DICDA502,Mental and behavioural disorders due to alcohol,RTOALLNB,Per 100 000 population,BEL,Belgium,2013,2013,102.8,,
DICDA502,Mental and behavioural disorders due to alcohol,RTOALLNB,Per 100 000 population,BEL,Belgium,2014,2014,98.9,,
DICDA502,Mental and behavioural disorders due to alcohol,RTOALLNB,Per 100 000 population,BEL,Belgium,2016,2016,100.8,,
DICDA502,Mental and behavioural disorders due to alcohol,RTOALLNB,Per 100 000 population,BEL,Belgium,2017,2017,97.3,,
DICDA502,Mental and behavioural disorders due to alcohol,RTOALLNB,Per 100 000 population,BEL,Belgium,2018,2018,93.7,,
DICDA502,Mental and behavioural disorders due to alcohol,RTOALLNB,Per 100 000 population,BEL,Belgium,2019,2019,96.4,,
DICDA502,Mental and behavioural disorders due to alcohol,RTOALLNB,Per 100 000 population,BEL,Belgium,2020,2020,72.7,,
DICDA502,Mental and behavioural disorders due to alcohol,RTOALLNB,Per 100 000 population,CAN,Canada,1990,1990,79.3,,
DICDA502,Mental and behavioural disorders due to alcohol,RTOALLNB,Per 100 000 population,CAN,Canada,1991,1991,78.3,,
DICDA502,Mental and behavioural disorders due to alcohol,RTOALLNB,Per 100 000 population,CAN,Canada,1992,1992,73.4,,
DICDA502,Mental and behavioural disorders due to alcohol,RTOALLNB,Per 100 000 population,CAN,Canada,1993,1993,69,,
DICDA502,Mental and behavioural disorders due to alcohol,RTOALLNB,Per 100 000 population,CAN,Canada,1994,1994,69.8,,
DICDA502,Mental and behavioural disorders due to alcohol,RTOALLNB,Per 100 000 population,CAN,Canada,1995,1995,66.8,,
DICDA502,Mental and behavioural disorders due to alcohol,RTOALLNB,Per 100 000 population,CAN,Canada,1996,1996,61.5,,
DICDA502,Mental and behavioural disorders due to alcohol,RTOALLNB,Per 100 000 population,CAN,Canada,1997,1997,61.8,,
DICDA502,Mental and behavioural disorders due to alcohol,RTOALLNB,Per 100 000 population,CAN,Canada,1998,1998,56.4,,
DICDA502,Mental and behavioural disorders due to alcohol,RTOALLNB,Per 100 000 population,CAN,Canada,1999,1999,55.9,,
DICDA502,Mental and behavioural disorders due to alcohol,RTOALLNB,Per 100 000 population,CAN,Canada,2000,2000,53.3,,
DICDA502,Mental and behavioural disorders due to alcohol,RTOALLNB,Per 100 000 population,CAN,Canada,2001,2001,49.8,,
DICDA502,Mental and behavioural disorders due to alcohol,RTOALLNB,Per 100 000 population,CAN,Canada,2002,2002,47.2,,
DICDA502,Mental and behavioural disorders due to alcohol,RTOALLNB,Per 100 000 population,CAN,Canada,2003,2003,48,,
DICDA502,Mental and behavioural disorders due to alcohol,RTOALLNB,Per 100 000 population,CAN,Canada,2004,2004,47.7,,
DICDA502,Mental and behavioural disorders due to alcohol,RTOALLNB,Per 100 000 population,CAN,Canada,2005,2005,49.3,,
DICDA502,Mental and behavioural disorders due to alcohol,RTOALLNB,Per 100 000 population,CAN,Canada,2006,2006,46,,
DICDA502,Mental and behavioural disorders due to alcohol,RTOALLNB,Per 100 000 population,CAN,Canada,2007,2007,47.1,,
DICDA502,Mental and behavioural disorders due to alcohol,RTOALLNB,Per 100 000 population,CAN,Canada,2008,2008,46.8,,
DICDA502,Mental and behavioural disorders due to alcohol,RTOALLNB,Per 100 000 population,CAN,Canada,2009,2009,49.2,,
DICDA502,Mental and behavioural disorders due to alcohol,RTOALLNB,Per 100 000 population,CAN,Canada,2010,2010,48.3,,
DICDA502,Mental and behavioural disorders due to alcohol,RTOALLNB,Per 100 000 population,CAN,Canada,2011,2011,51.2,,
DICDA502,Mental and behavioural disorders due to alcohol,RTOALLNB,Per 100 000 population,CAN,Canada,2012,2012,53.5,,
DICDA502,Mental and behavioural disorders due to alcohol,RTOALLNB,Per 100 000 population,CAN,Canada,2013,2013,61.1,B,Break
DICDA502,Mental and behavioural disorders due to alcohol,RTOALLNB,Per 100 000 population,CAN,Canada,2014,2014,64.6,,
DICDA502,Mental and behavioural disorders due to alcohol,RTOALLNB,Per 100 000 population,CAN,Canada,2015,2015,69.3,,
DICDA502,Mental and behavioural disorders due to alcohol,RTOALLNB,Per 100 000 population,CAN,Canada,2016,2016,70.5,,
DICDA502,Mental and behavioural disorders due to alcohol,RTOALLNB,Per 100 000 population,CAN,Canada,2017,2017,73.5,,
DICDA502,Mental and behavioural disorders due to alcohol,RTOALLNB,Per 100 000 population,CAN,Canada,2018,2018,76.6,,
DICDA502,Mental and behavioural disorders due to alcohol,RTOALLNB,Per 100 000 population,CAN,Canada,2019,2019,70.8,,
DICDA502,Mental and behavioural disorders due to alcohol,RTOALLNB,Per 100 000 population,CAN,Canada,2020,2020,82.3,,
DICDA502,Mental and behavioural disorders due to alcohol,RTOALLNB,Per 100 000 population,CZE,Czech Republic,2000,2000,128.5,,
DICDA502,Mental and behavioural disorders due to alcohol,RTOALLNB,Per 100 000 population,CZE,Czech Republic,2001,2001,134.1,,
DICDA502,Mental and behavioural disorders due to alcohol,RTOALLNB,Per 100 000 population,CZE,Czech Republic,2002,2002,144.3,,
DICDA502,Mental and behavioural disorders due to alcohol,RTOALLNB,Per 100 000 population,CZE,Czech Republic,2003,2003,147.1,,
DICDA502,Mental and behavioural disorders due to alcohol,RTOALLNB,Per 100 000 population,CZE,Czech Republic,2004,2004,152.8,,
DICDA502,Mental and behavioural disorders due to alcohol,RTOALLNB,Per 100 000 population,CZE,Czech Republic,2005,2005,155.8,,
DICDA502,Mental and behavioural disorders due to alcohol,RTOALLNB,Per 100 000 population,CZE,Czech Republic,2006,2006,143.1,,
DICDA502,Mental and behavioural disorders due to alcohol,RTOALLNB,Per 100 000 population,CZE,Czech Republic,2007,2007,141.8,,
DICDA502,Mental and behavioural disorders due to alcohol,RTOALLNB,Per 100 000 population,CZE,Czech Republic,2008,2008,142.7,,
DICDA502,Mental and behavioural disorders due to alcohol,RTOALLNB,Per 100 000 population,CZE,Czech Republic,2009,2009,144.1,,
DICDA502,Mental and behavioural disorders due to alcohol,RTOALLNB,Per 100 000 population,CZE,Czech Republic,2010,2010,139.3,,
DICDA502,Mental and behavioural disorders due to alcohol,RTOALLNB,Per 100 000 population,CZE,Czech Republic,2011,2011,136,,
DICDA502,Mental and behavioural disorders due to alcohol,RTOALLNB,Per 100 000 population,CZE,Czech Republic,2012,2012,134.5,,
DICDA502,Mental and behavioural disorders due to alcohol,RTOALLNB,Per 100 000 population,CZE,Czech Republic,2013,2013,128.8,,
DICDA502,Mental and behavioural disorders due to alcohol,RTOALLNB,Per 100 000 population,CZE,Czech Republic,2014,2014,141.1,,
DICDA502,Mental and behavioural disorders due to alcohol,RTOALLNB,Per 100 000 population,CZE,Czech Republic,2015,2015,132.7,,
DICDA502,Mental and behavioural disorders due to alcohol,RTOALLNB,Per 100 000 population,CZE,Czech Republic,2016,2016,133.6,,
DICDA502,Mental and behavioural disorders due to alcohol,RTOALLNB,Per 100 000 population,CZE,Czech Republic,2017,2017,128.1,,
DICDA502,Mental and behavioural disorders due to alcohol,RTOALLNB,Per 100 000 population,CZE,Czech Republic,2018,2018,128.8,,
DICDA502,Mental and behavioural disorders due to alcohol,RTOALLNB,Per 100 000 population,CZE,Czech Republic,2019,2019,133.6,,
DICDA502,Mental and behavioural disorders due to alcohol,RTOALLNB,Per 100 000 population,CZE,Czech Republic,2020,2020,116.7,,
DICDA502,Mental and behavioural disorders due to alcohol,RTOALLNB,Per 100 000 population,DNK,Denmark,2001,2001,190.5,,
DICDA502,Mental and behavioural disorders due to alcohol,RTOALLNB,Per 100 000 population,DNK,Denmark,2002,2002,186.9,,
DICDA502,Mental and behavioural disorders due to alcohol,RTOALLNB,Per 100 000 population,DNK,Denmark,2003,2003,200.1,,
DICDA502,Mental and behavioural disorders due to alcohol,RTOALLNB,Per 100 000 population,DNK,Denmark,2004,2004,205.3,,
DICDA502,Mental and behavioural disorders due to alcohol,RTOALLNB,Per 100 000 population,DNK,Denmark,2005,2005,198.7,,
DICDA502,Mental and behavioural disorders due to alcohol,RTOALLNB,Per 100 000 population,DNK,Denmark,2006,2006,191.1,,
DICDA502,Mental and behavioural disorders due to alcohol,RTOALLNB,Per 100 000 population,DNK,Denmark,2007,2007,192.6,,
DICDA502,Mental and behavioural disorders due to alcohol,RTOALLNB,Per 100 000 population,DNK,Denmark,2008,2008,182.3,,
DICDA502,Mental and behavioural disorders due to alcohol,RTOALLNB,Per 100 000 population,DNK,Denmark,2009,2009,200.2,,
DICDA502,Mental and behavioural disorders due to alcohol,RTOALLNB,Per 100 000 population,DNK,Denmark,2010,2010,187.6,,
DICDA502,Mental and behavioural disorders due to alcohol,RTOALLNB,Per 100 000 population,DNK,Denmark,2011,2011,176.4,,
DICDA502,Mental and behavioural disorders due to alcohol,RTOALLNB,Per 100 000 population,DNK,Denmark,2012,2012,185.5,,
DICDA502,Mental and behavioural disorders due to alcohol,RTOALLNB,Per 100 000 population,DNK,Denmark,2013,2013,188.7,,
DICDA502,Mental and behavioural disorders due to alcohol,RTOALLNB,Per 100 000 population,DNK,Denmark,2014,2014,184.3,,
DICDA502,Mental and behavioural disorders due to alcohol,RTOALLNB,Per 100 000 population,DNK,Denmark,2015,2015,185.3,,
DICDA502,Mental and behavioural disorders due to alcohol,RTOALLNB,Per 100 000 population,DNK,Denmark,2016,2016,176.8,,
DICDA502,Mental and behavioural disorders due to alcohol,RTOALLNB,Per 100 000 population,FIN,Finland,2001,2001,328.8,,
DICDA502,Mental and behavioural disorders due to alcohol,RTOALLNB,Per 100 000 population,FIN,Finland,2002,2002,321,,
DICDA502,Mental and behavioural disorders due to alcohol,RTOALLNB,Per 100 000 population,FIN,Finland,2003,2003,313.4,,
DICDA502,Mental and behavioural disorders due to alcohol,RTOALLNB,Per 100 000 population,FIN,Finland,2004,2004,342.9,,
DICDA502,Mental and behavioural disorders due to alcohol,RTOALLNB,Per 100 000 population,FIN,Finland,2005,2005,346.7,,
DICDA502,Mental and behavioural disorders due to alcohol,RTOALLNB,Per 100 000 population,FIN,Finland,2006,2006,334.3,,
DICDA502,Mental and behavioural disorders due to alcohol,RTOALLNB,Per 100 000 population,FIN,Finland,2007,2007,344.5,,
DICDA502,Mental and behavioural disorders due to alcohol,RTOALLNB,Per 100 000 population,FIN,Finland,2008,2008,330.4,,
DICDA502,Mental and behavioural disorders due to alcohol,RTOALLNB,Per 100 000 population,FIN,Finland,2009,2009,308.2,,
DICDA502,Mental and behavioural disorders due to alcohol,RTOALLNB,Per 100 000 population,FIN,Finland,2010,2010,278,,
DICDA502,Mental and behavioural disorders due to alcohol,RTOALLNB,Per 100 000 population,FIN,Finland,2011,2011,266.8,,
DICDA502,Mental and behavioural disorders due to alcohol,RTOALLNB,Per 100 000 population,FIN,Finland,2012,2012,260.8,,
DICDA502,Mental and behavioural disorders due to alcohol,RTOALLNB,Per 100 000 population,FIN,Finland,2013,2013,253.7,,
DICDA502,Mental and behavioural disorders due to alcohol,RTOALLNB,Per 100 000 population,FIN,Finland,2014,2014,258.6,,
DICDA502,Mental and behavioural disorders due to alcohol,RTOALLNB,Per 100 000 population,FIN,Finland,2015,2015,253.8,,
DICDA502,Mental and behavioural disorders due to alcohol,RTOALLNB,Per 100 000 population,FIN,Finland,2016,2016,265.1,,
DICDA502,Mental and behavioural disorders due to alcohol,RTOALLNB,Per 100 000 population,FIN,Finland,2017,2017,268.9,,
DICDA502,Mental and behavioural disorders due to alcohol,RTOALLNB,Per 100 000 population,FIN,Finland,2018,2018,265.1,,
DICDA502,Mental and behavioural disorders due to alcohol,RTOALLNB,Per 100 000 population,FIN,Finland,2020,2020,231.9,,
DICDA502,Mental and behavioural disorders due to alcohol,RTOALLNB,Per 100 000 population,FRA,France,1997,1997,129.9,,
DICDA502,Mental and behavioural disorders due to alcohol,RTOALLNB,Per 100 000 population,FRA,France,1998,1998,132.3,,
DICDA502,Mental and behavioural disorders due to alcohol,RTOALLNB,Per 100 000 population,FRA,France,1999,1999,134.1,,
DICDA502,Mental and behavioural disorders due to alcohol,RTOALLNB,Per 100 000 population,FRA,France,2000,2000,134.9,,
DICDA502,Mental and behavioural disorders due to alcohol,RTOALLNB,Per 100 000 population,FRA,France,2001,2001,131.8,,
DICDA502,Mental and behavioural disorders due to alcohol,RTOALLNB,Per 100 000 population,FRA,France,2002,2002,128.9,,
DICDA502,Mental and behavioural disorders due to alcohol,RTOALLNB,Per 100 000 population,FRA,France,2003,2003,122.7,,
DICDA502,Mental and behavioural disorders due to alcohol,RTOALLNB,Per 100 000 population,FRA,France,2004,2004,126.9,,
DICDA502,Mental and behavioural disorders due to alcohol,RTOALLNB,Per 100 000 population,FRA,France,2005,2005,130.2,,
DICDA502,Mental and behavioural disorders due to alcohol,RTOALLNB,Per 100 000 population,FRA,France,2006,2006,131.1,,
DICDA502,Mental and behavioural disorders due to alcohol,RTOALLNB,Per 100 000 population,FRA,France,2007,2007,135.6,,
DICDA502,Mental and behavioural disorders due to alcohol,RTOALLNB,Per 100 000 population,FRA,France,2008,2008,146.4,,
DICDA502,Mental and behavioural disorders due to alcohol,RTOALLNB,Per 100 000 population,FRA,France,2009,2009,152.8,,
DICDA502,Mental and behavioural disorders due to alcohol,RTOALLNB,Per 100 000 population,FRA,France,2010,2010,153.9,,
DICDA502,Mental and behavioural disorders due to alcohol,RTOALLNB,Per 100 000 population,FRA,France,2011,2011,159.3,,
DICDA502,Mental and behavioural disorders due to alcohol,RTOALLNB,Per 100 000 population,FRA,France,2012,2012,153.5,,
DICDA502,Mental and behavioural disorders due to alcohol,RTOALLNB,Per 100 000 population,FRA,France,2013,2013,150.6,,
DICDA502,Mental and behavioural disorders due to alcohol,RTOALLNB,Per 100 000 population,FRA,France,2014,2014,145.5,,
DICDA502,Mental and behavioural disorders due to alcohol,RTOALLNB,Per 100 000 population,FRA,France,2015,2015,138.8,,
DICDA502,Mental and behavioural disorders due to alcohol,RTOALLNB,Per 100 000 population,FRA,France,2016,2016,210.5,B,Break
DICDA502,Mental and behavioural disorders due to alcohol,RTOALLNB,Per 100 000 population,FRA,France,2017,2017,205,,
DICDA502,Mental and behavioural disorders due to alcohol,RTOALLNB,Per 100 000 population,FRA,France,2018,2018,204,,
DICDA502,Mental and behavioural disorders due to alcohol,RTOALLNB,Per 100 000 population,FRA,France,2019,2019,196.4,,
DICDA502,Mental and behavioural disorders due to alcohol,RTOALLNB,Per 100 000 population,FRA,France,2020,2020,173.8,,
DICDA502,Mental and behavioural disorders due to alcohol,RTOALLNB,Per 100 000 population,DEU,Germany,1994,1994,237.7,,
DICDA502,Mental and behavioural disorders due to alcohol,RTOALLNB,Per 100 000 population,DEU,Germany,1995,1995,242.7,,
DICDA502,Mental and behavioural disorders due to alcohol,RTOALLNB,Per 100 000 population,DEU,Germany,1996,1996,249.9,,
DICDA502,Mental and behavioural disorders due to alcohol,RTOALLNB,Per 100 000 population,DEU,Germany,1997,1997,260.2,,
DICDA502,Mental and behavioural disorders due to alcohol,RTOALLNB,Per 100 000 population,DEU,Germany,1998,1998,259.5,,
DICDA502,Mental and behavioural disorders due to alcohol,RTOALLNB,Per 100 000 population,DEU,Germany,1999,1999,259.3,,
DICDA502,Mental and behavioural disorders due to alcohol,RTOALLNB,Per 100 000 population,DEU,Germany,2000,2000,309.7,,
DICDA502,Mental and behavioural disorders due to alcohol,RTOALLNB,Per 100 000 population,DEU,Germany,2001,2001,313.4,,
DICDA502,Mental and behavioural disorders due to alcohol,RTOALLNB,Per 100 000 population,DEU,Germany,2002,2002,311,,
DICDA502,Mental and behavioural disorders due to alcohol,RTOALLNB,Per 100 000 population,DEU,Germany,2003,2003,335.5,,
DICDA502,Mental and behavioural disorders due to alcohol,RTOALLNB,Per 100 000 population,DEU,Germany,2004,2004,337.2,,
DICDA502,Mental and behavioural disorders due to alcohol,RTOALLNB,Per 100 000 population,DEU,Germany,2005,2005,342.7,,
DICDA502,Mental and behavioural disorders due to alcohol,RTOALLNB,Per 100 000 population,DEU,Germany,2006,2006,340.3,,
DICDA502,Mental and behavioural disorders due to alcohol,RTOALLNB,Per 100 000 population,DEU,Germany,2007,2007,356.4,,
DICDA502,Mental and behavioural disorders due to alcohol,RTOALLNB,Per 100 000 population,DEU,Germany,2008,2008,374,,
DICDA502,Mental and behavioural disorders due to alcohol,RTOALLNB,Per 100 000 population,DEU,Germany,2009,2009,377.7,,
DICDA502,Mental and behavioural disorders due to alcohol,RTOALLNB,Per 100 000 population,DEU,Germany,2010,2010,370.2,,
DICDA502,Mental and behavioural disorders due to alcohol,RTOALLNB,Per 100 000 population,DEU,Germany,2011,2011,378.6,,
DICDA502,Mental and behavioural disorders due to alcohol,RTOALLNB,Per 100 000 population,DEU,Germany,2012,2012,384.4,,
DICDA502,Mental and behavioural disorders due to alcohol,RTOALLNB,Per 100 000 population,DEU,Germany,2013,2013,376.7,,
DICDA502,Mental and behavioural disorders due to alcohol,RTOALLNB,Per 100 000 population,DEU,Germany,2014,2014,377.1,,
DICDA502,Mental and behavioural disorders due to alcohol,RTOALLNB,Per 100 000 population,DEU,Germany,2015,2015,358,,
DICDA502,Mental and behavioural disorders due to alcohol,RTOALLNB,Per 100 000 population,DEU,Germany,2016,2016,349.2,,
DICDA502,Mental and behavioural disorders due to alcohol,RTOALLNB,Per 100 000 population,DEU,Germany,2017,2017,341.2,,
DICDA502,Mental and behavioural disorders due to alcohol,RTOALLNB,Per 100 000 population,DEU,Germany,2018,2018,328.1,,
DICDA502,Mental and behavioural disorders due to alcohol,RTOALLNB,Per 100 000 population,DEU,Germany,2019,2019,321.7,,
DICDA502,Mental and behavioural disorders due to alcohol,RTOALLNB,Per 100 000 population,DEU,Germany,2020,2020,280.7,,
DICDA502,Mental and behavioural disorders due to alcohol,RTOALLNB,Per 100 000 population,GRC,Greece,1999,1999,15.9,,
DICDA502,Mental and behavioural disorders due to alcohol,RTOALLNB,Per 100 000 population,GRC,Greece,2000,2000,14,,
DICDA502,Mental and behavioural disorders due to alcohol,RTOALLNB,Per 100 000 population,GRC,Greece,2001,2001,16.5,,
DICDA502,Mental and behavioural disorders due to alcohol,RTOALLNB,Per 100 000 population,GRC,Greece,2002,2002,19,,
DICDA502,Mental and behavioural disorders due to alcohol,RTOALLNB,Per 100 000 population,GRC,Greece,2003,2003,16,,
DICDA502,Mental and behavioural disorders due to alcohol,RTOALLNB,Per 100 000 population,GRC,Greece,2004,2004,18.8,,
DICDA502,Mental and behavioural disorders due to alcohol,RTOALLNB,Per 100 000 population,GRC,Greece,2005,2005,16.9,,
DICDA502,Mental and behavioural disorders due to alcohol,RTOALLNB,Per 100 000 population,GRC,Greece,2006,2006,18.2,,
DICDA502,Mental and behavioural disorders due to alcohol,RTOALLNB,Per 100 000 population,GRC,Greece,2007,2007,17.2,,
DICDA502,Mental and behavioural disorders due to alcohol,RTOALLNB,Per 100 000 population,GRC,Greece,2008,2008,20.3,,
DICDA502,Mental and behavioural disorders due to alcohol,RTOALLNB,Per 100 000 population,GRC,Greece,2009,2009,19.1,,
DICDA502,Mental and behavioural disorders due to alcohol,RTOALLNB,Per 100 000 population,GRC,Greece,2010,2010,20.3,,
DICDA502,Mental and behavioural disorders due to alcohol,RTOALLNB,Per 100 000 population,GRC,Greece,2011,2011,15.5,,
DICDA502,Mental and behavioural disorders due to alcohol,RTOALLNB,Per 100 000 population,GRC,Greece,2012,2012,11.4,,
DICDA502,Mental and behavioural disorders due to alcohol,RTOALLNB,Per 100 000 population,GRC,Greece,2013,2013,13.6,,
DICDA502,Mental and behavioural disorders due to alcohol,RTOALLNB,Per 100 000 population,GRC,Greece,2014,2014,13.1,,
DICDA502,Mental and behavioural disorders due to alcohol,RTOALLNB,Per 100 000 population,GRC,Greece,2015,2015,12.7,,
DICDA502,Mental and behavioural disorders due to alcohol,RTOALLNB,Per 100 000 population,HUN,Hungary,2004,2004,190.4,,
DICDA502,Mental and behavioural disorders due to alcohol,RTOALLNB,Per 100 000 population,HUN,Hungary,2005,2005,183.7,,
DICDA502,Mental and behavioural disorders due to alcohol,RTOALLNB,Per 100 000 population,HUN,Hungary,2006,2006,170,,
DICDA502,Mental and behavioural disorders due to alcohol,RTOALLNB,Per 100 000 population,HUN,Hungary,2007,2007,145.7,,
DICDA502,Mental and behavioural disorders due to alcohol,RTOALLNB,Per 100 000 population,HUN,Hungary,2008,2008,144.4,,
DICDA502,Mental and behavioural disorders due to alcohol,RTOALLNB,Per 100 000 population,HUN,Hungary,2009,2009,130,,
DICDA502,Mental and behavioural disorders due to alcohol,RTOALLNB,Per 100 000 population,HUN,Hungary,2010,2010,124.3,,
DICDA502,Mental and behavioural disorders due to alcohol,RTOALLNB,Per 100 000 population,HUN,Hungary,2011,2011,118.3,,
DICDA502,Mental and behavioural disorders due to alcohol,RTOALLNB,Per 100 000 population,HUN,Hungary,2012,2012,107.6,,
DICDA502,Mental and behavioural disorders due to alcohol,RTOALLNB,Per 100 000 population,HUN,Hungary,2013,2013,103.2,,
DICDA502,Mental and behavioural disorders due to alcohol,RTOALLNB,Per 100 000 population,HUN,Hungary,2014,2014,107.8,,
DICDA502,Mental and behavioural disorders due to alcohol,RTOALLNB,Per 100 000 population,HUN,Hungary,2015,2015,95.2,,
DICDA502,Mental and behavioural disorders due to alcohol,RTOALLNB,Per 100 000 population,HUN,Hungary,2016,2016,94.5,,
DICDA502,Mental and behavioural disorders due to alcohol,RTOALLNB,Per 100 000 population,HUN,Hungary,2017,2017,93.5,,
DICDA502,Mental and behavioural disorders due to alcohol,RTOALLNB,Per 100 000 population,HUN,Hungary,2018,2018,97.7,,
DICDA502,Mental and behavioural disorders due to alcohol,RTOALLNB,Per 100 000 population,HUN,Hungary,2019,2019,94.7,,
DICDA502,Mental and behavioural disorders due to alcohol,RTOALLNB,Per 100 000 population,HUN,Hungary,2020,2020,66.5,,
DICDA502,Mental and behavioural disorders due to alcohol,RTOALLNB,Per 100 000 population,ISL,Iceland,2000,2000,241.5,,
DICDA502,Mental and behavioural disorders due to alcohol,RTOALLNB,Per 100 000 population,ISL,Iceland,2001,2001,228.1,,
DICDA502,Mental and behavioural disorders due to alcohol,RTOALLNB,Per 100 000 population,ISL,Iceland,2002,2002,198.2,,
DICDA502,Mental and behavioural disorders due to alcohol,RTOALLNB,Per 100 000 population,ISL,Iceland,2003,2003,145.1,,
DICDA502,Mental and behavioural disorders due to alcohol,RTOALLNB,Per 100 000 population,ISL,Iceland,2004,2004,153.7,,
DICDA502,Mental and behavioural disorders due to alcohol,RTOALLNB,Per 100 000 population,ISL,Iceland,2005,2005,164.8,,
DICDA502,Mental and behavioural disorders due to alcohol,RTOALLNB,Per 100 000 population,ISL,Iceland,2006,2006,140.6,,
DICDA502,Mental and behavioural disorders due to alcohol,RTOALLNB,Per 100 000 population,ISL,Iceland,2007,2007,150.9,,
DICDA502,Mental and behavioural disorders due to alcohol,RTOALLNB,Per 100 000 population,ISL,Iceland,2008,2008,138.9,,
DICDA502,Mental and behavioural disorders due to alcohol,RTOALLNB,Per 100 000 population,ISL,Iceland,2009,2009,133.1,,
DICDA502,Mental and behavioural disorders due to alcohol,RTOALLNB,Per 100 000 population,ISL,Iceland,2011,2011,118.5,,
DICDA502,Mental and behavioural disorders due to alcohol,RTOALLNB,Per 100 000 population,ISL,Iceland,2012,2012,121.9,,
DICDA502,Mental and behavioural disorders due to alcohol,RTOALLNB,Per 100 000 population,ISL,Iceland,2013,2013,120.5,,
DICDA502,Mental and behavioural disorders due to alcohol,RTOALLNB,Per 100 000 population,ISL,Iceland,2014,2014,103.9,,
DICDA502,Mental and behavioural disorders due to alcohol,RTOALLNB,Per 100 000 population,ISL,Iceland,2016,2016,100.8,,
DICDA502,Mental and behavioural disorders due to alcohol,RTOALLNB,Per 100 000 population,ISL,Iceland,2017,2017,100.2,,
DICDA502,Mental and behavioural disorders due to alcohol,RTOALLNB,Per 100 000 population,ISL,Iceland,2019,2019,92.4,,
DICDA502,Mental and behavioural disorders due to alcohol,RTOALLNB,Per 100 000 population,IRL,Ireland,1995,1995,37.7,,
DICDA502,Mental and behavioural disorders due to alcohol,RTOALLNB,Per 100 000 population,IRL,Ireland,1996,1996,36.5,,
DICDA502,Mental and behavioural disorders due to alcohol,RTOALLNB,Per 100 000 population,IRL,Ireland,1997,1997,37.1,,
DICDA502,Mental and behavioural disorders due to alcohol,RTOALLNB,Per 100 000 population,IRL,Ireland,1998,1998,41,,
DICDA502,Mental and behavioural disorders due to alcohol,RTOALLNB,Per 100 000 population,IRL,Ireland,1999,1999,52.5,,
DICDA502,Mental and behavioural disorders due to alcohol,RTOALLNB,Per 100 000 population,IRL,Ireland,2000,2000,52.4,,
DICDA502,Mental and behavioural disorders due to alcohol,RTOALLNB,Per 100 000 population,IRL,Ireland,2001,2001,54,,
DICDA502,Mental and behavioural disorders due to alcohol,RTOALLNB,Per 100 000 population,IRL,Ireland,2002,2002,53.7,,
DICDA502,Mental and behavioural disorders due to alcohol,RTOALLNB,Per 100 000 population,IRL,Ireland,2003,2003,51.8,,
DICDA502,Mental and behavioural disorders due to alcohol,RTOALLNB,Per 100 000 population,IRL,Ireland,2004,2004,53.5,,
DICDA502,Mental and behavioural disorders due to alcohol,RTOALLNB,Per 100 000 population,IRL,Ireland,2005,2005,56.6,,
DICDA502,Mental and behavioural disorders due to alcohol,RTOALLNB,Per 100 000 population,IRL,Ireland,2006,2006,61.7,,
DICDA502,Mental and behavioural disorders due to alcohol,RTOALLNB,Per 100 000 population,IRL,Ireland,2007,2007,70.9,,
DICDA502,Mental and behavioural disorders due to alcohol,RTOALLNB,Per 100 000 population,IRL,Ireland,2008,2008,67,,
DICDA502,Mental and behavioural disorders due to alcohol,RTOALLNB,Per 100 000 population,IRL,Ireland,2009,2009,68,,
DICDA502,Mental and behavioural disorders due to alcohol,RTOALLNB,Per 100 000 population,IRL,Ireland,2010,2010,58.2,,
DICDA502,Mental and behavioural disorders due to alcohol,RTOALLNB,Per 100 000 population,IRL,Ireland,2011,2011,50.5,,
DICDA502,Mental and behavioural disorders due to alcohol,RTOALLNB,Per 100 000 population,IRL,Ireland,2012,2012,52.5,,
DICDA502,Mental and behavioural disorders due to alcohol,RTOALLNB,Per 100 000 population,IRL,Ireland,2013,2013,48.6,,
DICDA502,Mental and behavioural disorders due to alcohol,RTOALLNB,Per 100 000 population,IRL,Ireland,2014,2014,48,,
DICDA502,Mental and behavioural disorders due to alcohol,RTOALLNB,Per 100 000 population,IRL,Ireland,2015,2015,45.9,,
DICDA502,Mental and behavioural disorders due to alcohol,RTOALLNB,Per 100 000 population,IRL,Ireland,2016,2016,55.9,,
DICDA502,Mental and behavioural disorders due to alcohol,RTOALLNB,Per 100 000 population,IRL,Ireland,2017,2017,56.8,,
DICDA502,Mental and behavioural disorders due to alcohol,RTOALLNB,Per 100 000 population,IRL,Ireland,2018,2018,57.5,,
DICDA502,Mental and behavioural disorders due to alcohol,RTOALLNB,Per 100 000 population,IRL,Ireland,2019,2019,61.4,,
DICDA502,Mental and behavioural disorders due to alcohol,RTOALLNB,Per 100 000 population,IRL,Ireland,2020,2020,65.2,,
DICDA502,Mental and behavioural disorders due to alcohol,RTOALLNB,Per 100 000 population,ITA,Italy,2001,2001,48.2,,
DICDA502,Mental and behavioural disorders due to alcohol,RTOALLNB,Per 100 000 population,ITA,Italy,2002,2002,44.8,,
DICDA502,Mental and behavioural disorders due to alcohol,RTOALLNB,Per 100 000 population,ITA,Italy,2003,2003,41.3,,
DICDA502,Mental and behavioural disorders due to alcohol,RTOALLNB,Per 100 000 population,ITA,Italy,2004,2004,39.3,,
DICDA502,Mental and behavioural disorders due to alcohol,RTOALLNB,Per 100 000 population,ITA,Italy,2005,2005,36.5,,
DICDA502,Mental and behavioural disorders due to alcohol,RTOALLNB,Per 100 000 population,ITA,Italy,2006,2006,33.6,,
DICDA502,Mental and behavioural disorders due to alcohol,RTOALLNB,Per 100 000 population,ITA,Italy,2007,2007,30.6,,
DICDA502,Mental and behavioural disorders due to alcohol,RTOALLNB,Per 100 000 population,ITA,Italy,2008,2008,28.2,,
DICDA502,Mental and behavioural disorders due to alcohol,RTOALLNB,Per 100 000 population,ITA,Italy,2009,2009,25.8,,
DICDA502,Mental and behavioural disorders due to alcohol,RTOALLNB,Per 100 000 population,ITA,Italy,2010,2010,23.7,,
DICDA502,Mental and behavioural disorders due to alcohol,RTOALLNB,Per 100 000 population,ITA,Italy,2011,2011,22.6,,
DICDA502,Mental and behavioural disorders due to alcohol,RTOALLNB,Per 100 000 population,ITA,Italy,2012,2012,20.7,,
DICDA502,Mental and behavioural disorders due to alcohol,RTOALLNB,Per 100 000 population,ITA,Italy,2013,2013,19.1,,
DICDA502,Mental and behavioural disorders due to alcohol,RTOALLNB,Per 100 000 population,ITA,Italy,2014,2014,17.6,,
DICDA502,Mental and behavioural disorders due to alcohol,RTOALLNB,Per 100 000 population,ITA,Italy,2015,2015,16.7,,
DICDA502,Mental and behavioural disorders due to alcohol,RTOALLNB,Per 100 000 population,ITA,Italy,2016,2016,15.8,,
DICDA502,Mental and behavioural disorders due to alcohol,RTOALLNB,Per 100 000 population,ITA,Italy,2017,2017,15.7,,
DICDA502,Mental and behavioural disorders due to alcohol,RTOALLNB,Per 100 000 population,ITA,Italy,2018,2018,15.1,,
DICDA502,Mental and behavioural disorders due to alcohol,RTOALLNB,Per 100 000 population,ITA,Italy,2019,2019,14.5,,
DICDA502,Mental and behavioural disorders due to alcohol,RTOALLNB,Per 100 000 population,ITA,Italy,2020,2020,10.6,,
DICDA502,Mental and behavioural disorders due to alcohol,RTOALLNB,Per 100 000 population,JPN,Japan,1993,1993,12.6,,
DICDA502,Mental and behavioural disorders due to alcohol,RTOALLNB,Per 100 000 population,JPN,Japan,1996,1996,13.7,,
DICDA502,Mental and behavioural disorders due to alcohol,RTOALLNB,Per 100 000 population,JPN,Japan,1999,1999,14.5,,
DICDA502,Mental and behavioural disorders due to alcohol,RTOALLNB,Per 100 000 population,JPN,Japan,2002,2002,11.3,,
DICDA502,Mental and behavioural disorders due to alcohol,RTOALLNB,Per 100 000 population,JPN,Japan,2005,2005,10.4,,
DICDA502,Mental and behavioural disorders due to alcohol,RTOALLNB,Per 100 000 population,JPN,Japan,2008,2008,9.4,,
DICDA502,Mental and behavioural disorders due to alcohol,RTOALLNB,Per 100 000 population,JPN,Japan,2011,2011,8.4,,
DICDA502,Mental and behavioural disorders due to alcohol,RTOALLNB,Per 100 000 population,JPN,Japan,2014,2014,29.4,B,Break
DICDA502,Mental and behavioural disorders due to alcohol,RTOALLNB,Per 100 000 population,JPN,Japan,2017,2017,32,,
DICDA502,Mental and behavioural disorders due to alcohol,RTOALLNB,Per 100 000 population,JPN,Japan,2020,2020,26.9,,
DICDA502,Mental and behavioural disorders due to alcohol,RTOALLNB,Per 100 000 population,KOR,Korea,1996,1996,40.7,,
DICDA502,Mental and behavioural disorders due to alcohol,RTOALLNB,Per 100 000 population,KOR,Korea,1999,1999,65.2,,
DICDA502,Mental and behavioural disorders due to alcohol,RTOALLNB,Per 100 000 population,KOR,Korea,2002,2002,90,,
DICDA502,Mental and behavioural disorders due to alcohol,RTOALLNB,Per 100 000 population,KOR,Korea,2005,2005,114.2,,
DICDA502,Mental and behavioural disorders due to alcohol,RTOALLNB,Per 100 000 population,KOR,Korea,2008,2008,135.5,,
DICDA502,Mental and behavioural disorders due to alcohol,RTOALLNB,Per 100 000 population,KOR,Korea,2009,2009,128.4,,
DICDA502,Mental and behavioural disorders due to alcohol,RTOALLNB,Per 100 000 population,KOR,Korea,2010,2010,137.9,,
DICDA502,Mental and behavioural disorders due to alcohol,RTOALLNB,Per 100 000 population,KOR,Korea,2011,2011,142.7,,
DICDA502,Mental and behavioural disorders due to alcohol,RTOALLNB,Per 100 000 population,KOR,Korea,2012,2012,143.8,,
DICDA502,Mental and behavioural disorders due to alcohol,RTOALLNB,Per 100 000 population,KOR,Korea,2013,2013,166.8,,
DICDA502,Mental and behavioural disorders due to alcohol,RTOALLNB,Per 100 000 population,KOR,Korea,2014,2014,135.8,,
DICDA502,Mental and behavioural disorders due to alcohol,RTOALLNB,Per 100 000 population,KOR,Korea,2015,2015,132.2,,
DICDA502,Mental and behavioural disorders due to alcohol,RTOALLNB,Per 100 000 population,KOR,Korea,2016,2016,124.5,,
DICDA502,Mental and behavioural disorders due to alcohol,RTOALLNB,Per 100 000 population,KOR,Korea,2017,2017,116.3,,
DICDA502,Mental and behavioural disorders due to alcohol,RTOALLNB,Per 100 000 population,KOR,Korea,2018,2018,108,,
DICDA502,Mental and behavioural disorders due to alcohol,RTOALLNB,Per 100 000 population,KOR,Korea,2019,2019,96,,
DICDA502,Mental and behavioural disorders due to alcohol,RTOALLNB,Per 100 000 population,KOR,Korea,2020,2020,68.6,,
DICDA502,Mental and behavioural disorders due to alcohol,RTOALLNB,Per 100 000 population,LUX,Luxembourg,1998,1998,295.1,,
DICDA502,Mental and behavioural disorders due to alcohol,RTOALLNB,Per 100 000 population,LUX,Luxembourg,1999,1999,278.3,,
DICDA502,Mental and behavioural disorders due to alcohol,RTOALLNB,Per 100 000 population,LUX,Luxembourg,2000,2000,278.8,,
DICDA502,Mental and behavioural disorders due to alcohol,RTOALLNB,Per 100 000 population,LUX,Luxembourg,2001,2001,304.7,,
DICDA502,Mental and behavioural disorders due to alcohol,RTOALLNB,Per 100 000 population,LUX,Luxembourg,2002,2002,384.9,,
DICDA502,Mental and behavioural disorders due to alcohol,RTOALLNB,Per 100 000 population,LUX,Luxembourg,2003,2003,378.2,,
DICDA502,Mental and behavioural disorders due to alcohol,RTOALLNB,Per 100 000 population,LUX,Luxembourg,2004,2004,394.7,,
DICDA502,Mental and behavioural disorders due to alcohol,RTOALLNB,Per 100 000 population,LUX,Luxembourg,2005,2005,367.1,,
DICDA502,Mental and behavioural disorders due to alcohol,RTOALLNB,Per 100 000 population,LUX,Luxembourg,2006,2006,378.5,,
DICDA502,Mental and behavioural disorders due to alcohol,RTOALLNB,Per 100 000 population,LUX,Luxembourg,2007,2007,382,,
DICDA502,Mental and behavioural disorders due to alcohol,RTOALLNB,Per 100 000 population,LUX,Luxembourg,2008,2008,390.8,,
DICDA502,Mental and behavioural disorders due to alcohol,RTOALLNB,Per 100 000 population,LUX,Luxembourg,2009,2009,376.5,,
DICDA502,Mental and behavioural disorders due to alcohol,RTOALLNB,Per 100 000 population,LUX,Luxembourg,2010,2010,339.3,,
DICDA502,Mental and behavioural disorders due to alcohol,RTOALLNB,Per 100 000 population,LUX,Luxembourg,2011,2011,320.4,,
DICDA502,Mental and behavioural disorders due to alcohol,RTOALLNB,Per 100 000 population,LUX,Luxembourg,2012,2012,299.9,,
DICDA502,Mental and behavioural disorders due to alcohol,RTOALLNB,Per 100 000 population,LUX,Luxembourg,2013,2013,281.5,,
DICDA502,Mental and behavioural disorders due to alcohol,RTOALLNB,Per 100 000 population,LUX,Luxembourg,2014,2014,268.3,,
DICDA502,Mental and behavioural disorders due to alcohol,RTOALLNB,Per 100 000 population,LUX,Luxembourg,2015,2015,264.8,,
DICDA502,Mental and behavioural disorders due to alcohol,RTOALLNB,Per 100 000 population,LUX,Luxembourg,2016,2016,270.7,,
DICDA502,Mental and behavioural disorders due to alcohol,RTOALLNB,Per 100 000 population,MEX,Mexico,1995,1995,1.9,,
DICDA502,Mental and behavioural disorders due to alcohol,RTOALLNB,Per 100 000 population,MEX,Mexico,1996,1996,6.1,,
DICDA502,Mental and behavioural disorders due to alcohol,RTOALLNB,Per 100 000 population,MEX,Mexico,1997,1997,6.3,,
DICDA502,Mental and behavioural disorders due to alcohol,RTOALLNB,Per 100 000 population,MEX,Mexico,1998,1998,7.7,,
DICDA502,Mental and behavioural disorders due to alcohol,RTOALLNB,Per 100 000 population,MEX,Mexico,1999,1999,7.6,,
DICDA502,Mental and behavioural disorders due to alcohol,RTOALLNB,Per 100 000 population,MEX,Mexico,2000,2000,8.3,,
DICDA502,Mental and behavioural disorders due to alcohol,RTOALLNB,Per 100 000 population,MEX,Mexico,2001,2001,7.8,,
DICDA502,Mental and behavioural disorders due to alcohol,RTOALLNB,Per 100 000 population,MEX,Mexico,2002,2002,7.5,,
DICDA502,Mental and behavioural disorders due to alcohol,RTOALLNB,Per 100 000 population,MEX,Mexico,2003,2003,7.5,,
DICDA502,Mental and behavioural disorders due to alcohol,RTOALLNB,Per 100 000 population,MEX,Mexico,2004,2004,6,,
DICDA502,Mental and behavioural disorders due to alcohol,RTOALLNB,Per 100 000 population,MEX,Mexico,2005,2005,6,,
DICDA502,Mental and behavioural disorders due to alcohol,RTOALLNB,Per 100 000 population,MEX,Mexico,2006,2006,6.1,,
DICDA502,Mental and behavioural disorders due to alcohol,RTOALLNB,Per 100 000 population,MEX,Mexico,2007,2007,6.3,,
DICDA502,Mental and behavioural disorders due to alcohol,RTOALLNB,Per 100 000 population,MEX,Mexico,2008,2008,6,,
DICDA502,Mental and behavioural disorders due to alcohol,RTOALLNB,Per 100 000 population,MEX,Mexico,2009,2009,5.3,,
DICDA502,Mental and behavioural disorders due to alcohol,RTOALLNB,Per 100 000 population,MEX,Mexico,2010,2010,5.2,,
DICDA502,Mental and behavioural disorders due to alcohol,RTOALLNB,Per 100 000 population,MEX,Mexico,2011,2011,5.7,,
DICDA502,Mental and behavioural disorders due to alcohol,RTOALLNB,Per 100 000 population,MEX,Mexico,2012,2012,5.8,,
DICDA502,Mental and behavioural disorders due to alcohol,RTOALLNB,Per 100 000 population,MEX,Mexico,2013,2013,5.4,,
DICDA502,Mental and behavioural disorders due to alcohol,RTOALLNB,Per 100 000 population,MEX,Mexico,2014,2014,5.8,,
DICDA502,Mental and behavioural disorders due to alcohol,RTOALLNB,Per 100 000 population,MEX,Mexico,2015,2015,5.4,,
DICDA502,Mental and behavioural disorders due to alcohol,RTOALLNB,Per 100 000 population,MEX,Mexico,2016,2016,5.3,,
DICDA502,Mental and behavioural disorders due to alcohol,RTOALLNB,Per 100 000 population,MEX,Mexico,2017,2017,5.4,,
DICDA502,Mental and behavioural disorders due to alcohol,RTOALLNB,Per 100 000 population,MEX,Mexico,2018,2018,5.1,,
DICDA502,Mental and behavioural disorders due to alcohol,RTOALLNB,Per 100 000 population,MEX,Mexico,2019,2019,5.4,,
DICDA502,Mental and behavioural disorders due to alcohol,RTOALLNB,Per 100 000 population,MEX,Mexico,2020,2020,2.9,,
DICDA502,Mental and behavioural disorders due to alcohol,RTOALLNB,Per 100 000 population,NLD,Netherlands,1990,1990,15.5,,
DICDA502,Mental and behavioural disorders due to alcohol,RTOALLNB,Per 100 000 population,NLD,Netherlands,1991,1991,14.1,,
DICDA502,Mental and behavioural disorders due to alcohol,RTOALLNB,Per 100 000 population,NLD,Netherlands,1992,1992,13.7,,
DICDA502,Mental and behavioural disorders due to alcohol,RTOALLNB,Per 100 000 population,NLD,Netherlands,1993,1993,13.7,,
DICDA502,Mental and behavioural disorders due to alcohol,RTOALLNB,Per 100 000 population,NLD,Netherlands,1994,1994,14.4,,
DICDA502,Mental and behavioural disorders due to alcohol,RTOALLNB,Per 100 000 population,NLD,Netherlands,1995,1995,13.9,,
DICDA502,Mental and behavioural disorders due to alcohol,RTOALLNB,Per 100 000 population,NLD,Netherlands,1996,1996,14.3,,
DICDA502,Mental and behavioural disorders due to alcohol,RTOALLNB,Per 100 000 population,NLD,Netherlands,1997,1997,15.3,,
DICDA502,Mental and behavioural disorders due to alcohol,RTOALLNB,Per 100 000 population,NLD,Netherlands,1998,1998,16,,
DICDA502,Mental and behavioural disorders due to alcohol,RTOALLNB,Per 100 000 population,NLD,Netherlands,1999,1999,15.7,,
DICDA502,Mental and behavioural disorders due to alcohol,RTOALLNB,Per 100 000 population,NLD,Netherlands,2000,2000,14.7,,
DICDA502,Mental and behavioural disorders due to alcohol,RTOALLNB,Per 100 000 population,NLD,Netherlands,2001,2001,13.6,,
DICDA502,Mental and behavioural disorders due to alcohol,RTOALLNB,Per 100 000 population,NLD,Netherlands,2002,2002,15,,
DICDA502,Mental and behavioural disorders due to alcohol,RTOALLNB,Per 100 000 population,NLD,Netherlands,2003,2003,15.5,,
DICDA502,Mental and behavioural disorders due to alcohol,RTOALLNB,Per 100 000 population,NLD,Netherlands,2004,2004,16.6,,
DICDA502,Mental and behavioural disorders due to alcohol,RTOALLNB,Per 100 000 population,NLD,Netherlands,2005,2005,17,,
DICDA502,Mental and behavioural disorders due to alcohol,RTOALLNB,Per 100 000 population,NLD,Netherlands,2006,2006,18,,
DICDA502,Mental and behavioural disorders due to alcohol,RTOALLNB,Per 100 000 population,NLD,Netherlands,2007,2007,21.4,,
DICDA502,Mental and behavioural disorders due to alcohol,RTOALLNB,Per 100 000 population,NLD,Netherlands,2008,2008,21.7,,
DICDA502,Mental and behavioural disorders due to alcohol,RTOALLNB,Per 100 000 population,NLD,Netherlands,2009,2009,23.6,,
DICDA502,Mental and behavioural disorders due to alcohol,RTOALLNB,Per 100 000 population,NLD,Netherlands,2010,2010,23.6,,
DICDA502,Mental and behavioural disorders due to alcohol,RTOALLNB,Per 100 000 population,NLD,Netherlands,2011,2011,25.1,,
DICDA502,Mental and behavioural disorders due to alcohol,RTOALLNB,Per 100 000 population,NLD,Netherlands,2012,2012,23.4,,
DICDA502,Mental and behavioural disorders due to alcohol,RTOALLNB,Per 100 000 population,NLD,Netherlands,2013,2013,13,,
DICDA502,Mental and behavioural disorders due to alcohol,RTOALLNB,Per 100 000 population,NLD,Netherlands,2014,2014,11.3,,
DICDA502,Mental and behavioural disorders due to alcohol,RTOALLNB,Per 100 000 population,NLD,Netherlands,2015,2015,10.4,,
DICDA502,Mental and behavioural disorders due to alcohol,RTOALLNB,Per 100 000 population,NLD,Netherlands,2016,2016,9.1,,
DICDA502,Mental and behavioural disorders due to alcohol,RTOALLNB,Per 100 000 population,NLD,Netherlands,2017,2017,8.4,,
DICDA502,Mental and behavioural disorders due to alcohol,RTOALLNB,Per 100 000 population,NLD,Netherlands,2018,2018,7.6,,
DICDA502,Mental and behavioural disorders due to alcohol,RTOALLNB,Per 100 000 population,NLD,Netherlands,2019,2019,6.9,,
DICDA502,Mental and behavioural disorders due to alcohol,RTOALLNB,Per 100 000 population,NLD,Netherlands,2020,2020,6.3,,
DICDA502,Mental and behavioural disorders due to alcohol,RTOALLNB,Per 100 000 population,NZL,New Zealand,2000,2000,61.5,,
DICDA502,Mental and behavioural disorders due to alcohol,RTOALLNB,Per 100 000 population,NZL,New Zealand,2001,2001,52.3,,
DICDA502,Mental and behavioural disorders due to alcohol,RTOALLNB,Per 100 000 population,NZL,New Zealand,2002,2002,51.9,,
DICDA502,Mental and behavioural disorders due to alcohol,RTOALLNB,Per 100 000 population,NZL,New Zealand,2003,2003,54.8,,
DICDA502,Mental and behavioural disorders due to alcohol,RTOALLNB,Per 100 000 population,NZL,New Zealand,2004,2004,50.8,,
DICDA502,Mental and behavioural disorders due to alcohol,RTOALLNB,Per 100 000 population,NZL,New Zealand,2005,2005,36.3,,
DICDA502,Mental and behavioural disorders due to alcohol,RTOALLNB,Per 100 000 population,NZL,New Zealand,2006,2006,36.9,,
DICDA502,Mental and behavioural disorders due to alcohol,RTOALLNB,Per 100 000 population,NZL,New Zealand,2007,2007,39.3,,
DICDA502,Mental and behavioural disorders due to alcohol,RTOALLNB,Per 100 000 population,NZL,New Zealand,2008,2008,41.6,,
DICDA502,Mental and behavioural disorders due to alcohol,RTOALLNB,Per 100 000 population,NZL,New Zealand,2009,2009,45.4,,
DICDA502,Mental and behavioural disorders due to alcohol,RTOALLNB,Per 100 000 population,NZL,New Zealand,2010,2010,48.5,,
DICDA502,Mental and behavioural disorders due to alcohol,RTOALLNB,Per 100 000 population,NZL,New Zealand,2011,2011,53.5,,
DICDA502,Mental and behavioural disorders due to alcohol,RTOALLNB,Per 100 000 population,NZL,New Zealand,2012,2012,54.1,,
DICDA502,Mental and behavioural disorders due to alcohol,RTOALLNB,Per 100 000 population,NZL,New Zealand,2013,2013,56.5,,
DICDA502,Mental and behavioural disorders due to alcohol,RTOALLNB,Per 100 000 population,NZL,New Zealand,2014,2014,56.1,,
DICDA502,Mental and behavioural disorders due to alcohol,RTOALLNB,Per 100 000 population,NZL,New Zealand,2015,2015,57.2,,
DICDA502,Mental and behavioural disorders due to alcohol,RTOALLNB,Per 100 000 population,NZL,New Zealand,2016,2016,59.8,,
DICDA502,Mental and behavioural disorders due to alcohol,RTOALLNB,Per 100 000 population,NZL,New Zealand,2017,2017,58.2,,
DICDA502,Mental and behavioural disorders due to alcohol,RTOALLNB,Per 100 000 population,NZL,New Zealand,2018,2018,57.7,,
DICDA502,Mental and behavioural disorders due to alcohol,RTOALLNB,Per 100 000 population,NZL,New Zealand,2019,2019,57.8,,
DICDA502,Mental and behavioural disorders due to alcohol,RTOALLNB,Per 100 000 population,NOR,Norway,2000,2000,58.4,,
DICDA502,Mental and behavioural disorders due to alcohol,RTOALLNB,Per 100 000 population,NOR,Norway,2001,2001,54.2,,
DICDA502,Mental and behavioural disorders due to alcohol,RTOALLNB,Per 100 000 population,NOR,Norway,2002,2002,59.3,,
DICDA502,Mental and behavioural disorders due to alcohol,RTOALLNB,Per 100 000 population,NOR,Norway,2003,2003,59,,
DICDA502,Mental and behavioural disorders due to alcohol,RTOALLNB,Per 100 000 population,NOR,Norway,2004,2004,58.8,,
DICDA502,Mental and behavioural disorders due to alcohol,RTOALLNB,Per 100 000 population,NOR,Norway,2005,2005,57.7,,
DICDA502,Mental and behavioural disorders due to alcohol,RTOALLNB,Per 100 000 population,NOR,Norway,2006,2006,66.6,,
DICDA502,Mental and behavioural disorders due to alcohol,RTOALLNB,Per 100 000 population,NOR,Norway,2007,2007,80,,
DICDA502,Mental and behavioural disorders due to alcohol,RTOALLNB,Per 100 000 population,NOR,Norway,2008,2008,87.5,,
DICDA502,Mental and behavioural disorders due to alcohol,RTOALLNB,Per 100 000 population,NOR,Norway,2009,2009,85.7,,
DICDA502,Mental and behavioural disorders due to alcohol,RTOALLNB,Per 100 000 population,NOR,Norway,2010,2010,86,,
DICDA502,Mental and behavioural disorders due to alcohol,RTOALLNB,Per 100 000 population,NOR,Norway,2011,2011,190.4,B,Break
DICDA502,Mental and behavioural disorders due to alcohol,RTOALLNB,Per 100 000 population,NOR,Norway,2012,2012,194.3,,
DICDA502,Mental and behavioural disorders due to alcohol,RTOALLNB,Per 100 000 population,NOR,Norway,2013,2013,188.2,,
DICDA502,Mental and behavioural disorders due to alcohol,RTOALLNB,Per 100 000 population,NOR,Norway,2014,2014,197.6,,
DICDA502,Mental and behavioural disorders due to alcohol,RTOALLNB,Per 100 000 population,NOR,Norway,2015,2015,200.2,,
DICDA502,Mental and behavioural disorders due to alcohol,RTOALLNB,Per 100 000 population,NOR,Norway,2016,2016,208.5,,
DICDA502,Mental and behavioural disorders due to alcohol,RTOALLNB,Per 100 000 population,NOR,Norway,2017,2017,208.5,,
DICDA502,Mental and behavioural disorders due to alcohol,RTOALLNB,Per 100 000 population,NOR,Norway,2018,2018,214.5,,
DICDA502,Mental and behavioural disorders due to alcohol,RTOALLNB,Per 100 000 population,NOR,Norway,2019,2019,213.3,,
DICDA502,Mental and behavioural disorders due to alcohol,RTOALLNB,Per 100 000 population,NOR,Norway,2020,2020,207.3,,
DICDA502,Mental and behavioural disorders due to alcohol,RTOALLNB,Per 100 000 population,NOR,Norway,2021,2021,225.5,,
DICDA502,Mental and behavioural disorders due to alcohol,RTOALLNB,Per 100 000 population,POL,Poland,2003,2003,26.1,,
DICDA502,Mental and behavioural disorders due to alcohol,RTOALLNB,Per 100 000 population,POL,Poland,2004,2004,29.3,,
DICDA502,Mental and behavioural disorders due to alcohol,RTOALLNB,Per 100 000 population,POL,Poland,2005,2005,204.4,B,Break
DICDA502,Mental and behavioural disorders due to alcohol,RTOALLNB,Per 100 000 population,POL,Poland,2006,2006,214.1,,
DICDA502,Mental and behavioural disorders due to alcohol,RTOALLNB,Per 100 000 population,POL,Poland,2007,2007,222.8,,
DICDA502,Mental and behavioural disorders due to alcohol,RTOALLNB,Per 100 000 population,POL,Poland,2008,2008,255.4,,
DICDA502,Mental and behavioural disorders due to alcohol,RTOALLNB,Per 100 000 population,POL,Poland,2009,2009,248.8,,
DICDA502,Mental and behavioural disorders due to alcohol,RTOALLNB,Per 100 000 population,POL,Poland,2010,2010,239.8,,
DICDA502,Mental and behavioural disorders due to alcohol,RTOALLNB,Per 100 000 population,POL,Poland,2011,2011,244.8,,
DICDA502,Mental and behavioural disorders due to alcohol,RTOALLNB,Per 100 000 population,POL,Poland,2012,2012,241.2,,
DICDA502,Mental and behavioural disorders due to alcohol,RTOALLNB,Per 100 000 population,POL,Poland,2013,2013,234.4,,
DICDA502,Mental and behavioural disorders due to alcohol,RTOALLNB,Per 100 000 population,POL,Poland,2014,2014,238,,
DICDA502,Mental and behavioural disorders due to alcohol,RTOALLNB,Per 100 000 population,POL,Poland,2015,2015,244.4,,
DICDA502,Mental and behavioural disorders due to alcohol,RTOALLNB,Per 100 000 population,POL,Poland,2016,2016,258.2,,
DICDA502,Mental and behavioural disorders due to alcohol,RTOALLNB,Per 100 000 population,POL,Poland,2017,2017,257.4,,
DICDA502,Mental and behavioural disorders due to alcohol,RTOALLNB,Per 100 000 population,POL,Poland,2018,2018,248,,
DICDA502,Mental and behavioural disorders due to alcohol,RTOALLNB,Per 100 000 population,POL,Poland,2019,2019,253.2,,
DICDA502,Mental and behavioural disorders due to alcohol,RTOALLNB,Per 100 000 population,POL,Poland,2020,2020,172.1,,
DICDA502,Mental and behavioural disorders due to alcohol,RTOALLNB,Per 100 000 population,PRT,Portugal,1995,1995,23.2,,
DICDA502,Mental and behavioural disorders due to alcohol,RTOALLNB,Per 100 000 population,PRT,Portugal,1996,1996,24.2,,
DICDA502,Mental and behavioural disorders due to alcohol,RTOALLNB,Per 100 000 population,PRT,Portugal,1997,1997,25.6,,
DICDA502,Mental and behavioural disorders due to alcohol,RTOALLNB,Per 100 000 population,PRT,Portugal,1998,1998,24.1,,
DICDA502,Mental and behavioural disorders due to alcohol,RTOALLNB,Per 100 000 population,PRT,Portugal,1999,1999,24,,
DICDA502,Mental and behavioural disorders due to alcohol,RTOALLNB,Per 100 000 population,PRT,Portugal,2000,2000,25,,
DICDA502,Mental and behavioural disorders due to alcohol,RTOALLNB,Per 100 000 population,PRT,Portugal,2001,2001,26.3,,
DICDA502,Mental and behavioural disorders due to alcohol,RTOALLNB,Per 100 000 population,PRT,Portugal,2002,2002,25.1,,
DICDA502,Mental and behavioural disorders due to alcohol,RTOALLNB,Per 100 000 population,PRT,Portugal,2003,2003,25.9,,
DICDA502,Mental and behavioural disorders due to alcohol,RTOALLNB,Per 100 000 population,PRT,Portugal,2004,2004,26.7,,
DICDA502,Mental and behavioural disorders due to alcohol,RTOALLNB,Per 100 000 population,PRT,Portugal,2005,2005,26.2,,
DICDA502,Mental and behavioural disorders due to alcohol,RTOALLNB,Per 100 000 population,PRT,Portugal,2006,2006,26.2,,
DICDA502,Mental and behavioural disorders due to alcohol,RTOALLNB,Per 100 000 population,PRT,Portugal,2007,2007,22.9,,
DICDA502,Mental and behavioural disorders due to alcohol,RTOALLNB,Per 100 000 population,PRT,Portugal,2008,2008,27.8,,
DICDA502,Mental and behavioural disorders due to alcohol,RTOALLNB,Per 100 000 population,PRT,Portugal,2009,2009,24,,
DICDA502,Mental and behavioural disorders due to alcohol,RTOALLNB,Per 100 000 population,PRT,Portugal,2010,2010,23.9,,
DICDA502,Mental and behavioural disorders due to alcohol,RTOALLNB,Per 100 000 population,PRT,Portugal,2011,2011,23.9,,
DICDA502,Mental and behavioural disorders due to alcohol,RTOALLNB,Per 100 000 population,PRT,Portugal,2012,2012,21.1,,
DICDA502,Mental and behavioural disorders due to alcohol,RTOALLNB,Per 100 000 population,PRT,Portugal,2013,2013,19.1,,
DICDA502,Mental and behavioural disorders due to alcohol,RTOALLNB,Per 100 000 population,PRT,Portugal,2014,2014,17.6,,
DICDA502,Mental and behavioural disorders due to alcohol,RTOALLNB,Per 100 000 population,PRT,Portugal,2015,2015,17.8,,
DICDA502,Mental and behavioural disorders due to alcohol,RTOALLNB,Per 100 000 population,PRT,Portugal,2018,2018,16.5,,
DICDA502,Mental and behavioural disorders due to alcohol,RTOALLNB,Per 100 000 population,PRT,Portugal,2019,2019,16.1,,
DICDA502,Mental and behavioural disorders due to alcohol,RTOALLNB,Per 100 000 population,PRT,Portugal,2020,2020,11.2,,
DICDA502,Mental and behavioural disorders due to alcohol,RTOALLNB,Per 100 000 population,SVK,Slovak Republic,2000,2000,165.6,,
DICDA502,Mental and behavioural disorders due to alcohol,RTOALLNB,Per 100 000 population,SVK,Slovak Republic,2001,2001,183.9,,
DICDA502,Mental and behavioural disorders due to alcohol,RTOALLNB,Per 100 000 population,SVK,Slovak Republic,2002,2002,182.3,,
DICDA502,Mental and behavioural disorders due to alcohol,RTOALLNB,Per 100 000 population,SVK,Slovak Republic,2003,2003,170,,
DICDA502,Mental and behavioural disorders due to alcohol,RTOALLNB,Per 100 000 population,SVK,Slovak Republic,2004,2004,169.2,,
DICDA502,Mental and behavioural disorders due to alcohol,RTOALLNB,Per 100 000 population,SVK,Slovak Republic,2005,2005,178,,
DICDA502,Mental and behavioural disorders due to alcohol,RTOALLNB,Per 100 000 population,SVK,Slovak Republic,2006,2006,188.7,,
DICDA502,Mental and behavioural disorders due to alcohol,RTOALLNB,Per 100 000 population,SVK,Slovak Republic,2008,2008,218.6,,
DICDA502,Mental and behavioural disorders due to alcohol,RTOALLNB,Per 100 000 population,SVK,Slovak Republic,2009,2009,217.7,,
DICDA502,Mental and behavioural disorders due to alcohol,RTOALLNB,Per 100 000 population,SVK,Slovak Republic,2010,2010,206.5,,
DICDA502,Mental and behavioural disorders due to alcohol,RTOALLNB,Per 100 000 population,SVK,Slovak Republic,2011,2011,197.5,,
DICDA502,Mental and behavioural disorders due to alcohol,RTOALLNB,Per 100 000 population,SVK,Slovak Republic,2012,2012,196.2,,
DICDA502,Mental and behavioural disorders due to alcohol,RTOALLNB,Per 100 000 population,SVK,Slovak Republic,2014,2014,201,,
DICDA502,Mental and behavioural disorders due to alcohol,RTOALLNB,Per 100 000 population,SVK,Slovak Republic,2015,2015,195.6,,
DICDA502,Mental and behavioural disorders due to alcohol,RTOALLNB,Per 100 000 population,SVK,Slovak Republic,2016,2016,203.9,,
DICDA502,Mental and behavioural disorders due to alcohol,RTOALLNB,Per 100 000 population,SVK,Slovak Republic,2017,2017,205.3,,
DICDA502,Mental and behavioural disorders due to alcohol,RTOALLNB,Per 100 000 population,SVK,Slovak Republic,2018,2018,207.7,,
DICDA502,Mental and behavioural disorders due to alcohol,RTOALLNB,Per 100 000 population,SVK,Slovak Republic,2019,2019,211,,
DICDA502,Mental and behavioural disorders due to alcohol,RTOALLNB,Per 100 000 population,SVK,Slovak Republic,2020,2020,169.1,,
DICDA502,Mental and behavioural disorders due to alcohol,RTOALLNB,Per 100 000 population,ESP,Spain,1990,1990,29.7,,
DICDA502,Mental and behavioural disorders due to alcohol,RTOALLNB,Per 100 000 population,ESP,Spain,1991,1991,26.2,,
DICDA502,Mental and behavioural disorders due to alcohol,RTOALLNB,Per 100 000 population,ESP,Spain,1992,1992,22.5,,
DICDA502,Mental and behavioural disorders due to alcohol,RTOALLNB,Per 100 000 population,ESP,Spain,1993,1993,23.4,,
DICDA502,Mental and behavioural disorders due to alcohol,RTOALLNB,Per 100 000 population,ESP,Spain,1994,1994,22.1,,
DICDA502,Mental and behavioural disorders due to alcohol,RTOALLNB,Per 100 000 population,ESP,Spain,1995,1995,20.2,,
DICDA502,Mental and behavioural disorders due to alcohol,RTOALLNB,Per 100 000 population,ESP,Spain,1996,1996,23.5,,
DICDA502,Mental and behavioural disorders due to alcohol,RTOALLNB,Per 100 000 population,ESP,Spain,1997,1997,23.7,,
DICDA502,Mental and behavioural disorders due to alcohol,RTOALLNB,Per 100 000 population,ESP,Spain,1998,1998,23.3,,
DICDA502,Mental and behavioural disorders due to alcohol,RTOALLNB,Per 100 000 population,ESP,Spain,1999,1999,23.1,,
DICDA502,Mental and behavioural disorders due to alcohol,RTOALLNB,Per 100 000 population,ESP,Spain,2000,2000,24.8,,
DICDA502,Mental and behavioural disorders due to alcohol,RTOALLNB,Per 100 000 population,ESP,Spain,2001,2001,23.8,,
DICDA502,Mental and behavioural disorders due to alcohol,RTOALLNB,Per 100 000 population,ESP,Spain,2002,2002,25.3,,
DICDA502,Mental and behavioural disorders due to alcohol,RTOALLNB,Per 100 000 population,ESP,Spain,2003,2003,24.2,,
DICDA502,Mental and behavioural disorders due to alcohol,RTOALLNB,Per 100 000 population,ESP,Spain,2004,2004,27.2,,
DICDA502,Mental and behavioural disorders due to alcohol,RTOALLNB,Per 100 000 population,ESP,Spain,2005,2005,25.4,,
DICDA502,Mental and behavioural disorders due to alcohol,RTOALLNB,Per 100 000 population,ESP,Spain,2006,2006,26.1,,
DICDA502,Mental and behavioural disorders due to alcohol,RTOALLNB,Per 100 000 population,ESP,Spain,2007,2007,24.7,,
DICDA502,Mental and behavioural disorders due to alcohol,RTOALLNB,Per 100 000 population,ESP,Spain,2008,2008,23.6,,
DICDA502,Mental and behavioural disorders due to alcohol,RTOALLNB,Per 100 000 population,ESP,Spain,2009,2009,21.9,,
DICDA502,Mental and behavioural disorders due to alcohol,RTOALLNB,Per 100 000 population,ESP,Spain,2010,2010,21.6,,
DICDA502,Mental and behavioural disorders due to alcohol,RTOALLNB,Per 100 000 population,ESP,Spain,2011,2011,20.5,,
DICDA502,Mental and behavioural disorders due to alcohol,RTOALLNB,Per 100 000 population,ESP,Spain,2012,2012,19.2,,
DICDA502,Mental and behavioural disorders due to alcohol,RTOALLNB,Per 100 000 population,ESP,Spain,2013,2013,18.9,,
DICDA502,Mental and behavioural disorders due to alcohol,RTOALLNB,Per 100 000 population,ESP,Spain,2014,2014,18.5,,
DICDA502,Mental and behavioural disorders due to alcohol,RTOALLNB,Per 100 000 population,ESP,Spain,2015,2015,18.2,,
DICDA502,Mental and behavioural disorders due to alcohol,RTOALLNB,Per 100 000 population,ESP,Spain,2016,2016,18.6,,
DICDA502,Mental and behavioural disorders due to alcohol,RTOALLNB,Per 100 000 population,ESP,Spain,2017,2017,19.3,,
DICDA502,Mental and behavioural disorders due to alcohol,RTOALLNB,Per 100 000 population,ESP,Spain,2018,2018,18.5,,
DICDA502,Mental and behavioural disorders due to alcohol,RTOALLNB,Per 100 000 population,ESP,Spain,2019,2019,18.8,,
DICDA502,Mental and behavioural disorders due to alcohol,RTOALLNB,Per 100 000 population,ESP,Spain,2020,2020,13.8,,
DICDA502,Mental and behavioural disorders due to alcohol,RTOALLNB,Per 100 000 population,SWE,Sweden,2000,2000,253.1,,
DICDA502,Mental and behavioural disorders due to alcohol,RTOALLNB,Per 100 000 population,SWE,Sweden,2001,2001,236.5,,
DICDA502,Mental and behavioural disorders due to alcohol,RTOALLNB,Per 100 000 population,SWE,Sweden,2002,2002,239.2,,
DICDA502,Mental and behavioural disorders due to alcohol,RTOALLNB,Per 100 000 population,SWE,Sweden,2003,2003,244.9,,
DICDA502,Mental and behavioural disorders due to alcohol,RTOALLNB,Per 100 000 population,SWE,Sweden,2004,2004,240.3,,
DICDA502,Mental and behavioural disorders due to alcohol,RTOALLNB,Per 100 000 population,SWE,Sweden,2005,2005,223.2,,
DICDA502,Mental and behavioural disorders due to alcohol,RTOALLNB,Per 100 000 population,SWE,Sweden,2006,2006,237.6,,
DICDA502,Mental and behavioural disorders due to alcohol,RTOALLNB,Per 100 000 population,SWE,Sweden,2007,2007,249.5,,
DICDA502,Mental and behavioural disorders due to alcohol,RTOALLNB,Per 100 000 population,SWE,Sweden,2008,2008,258,,
DICDA502,Mental and behavioural disorders due to alcohol,RTOALLNB,Per 100 000 population,SWE,Sweden,2009,2009,259.4,,
DICDA502,Mental and behavioural disorders due to alcohol,RTOALLNB,Per 100 000 population,SWE,Sweden,2010,2010,230.7,,
DICDA502,Mental and behavioural disorders due to alcohol,RTOALLNB,Per 100 000 population,SWE,Sweden,2013,2013,244,,
DICDA502,Mental and behavioural disorders due to alcohol,RTOALLNB,Per 100 000 population,SWE,Sweden,2014,2014,226.8,,
DICDA502,Mental and behavioural disorders due to alcohol,RTOALLNB,Per 100 000 population,SWE,Sweden,2015,2015,223.9,,
DICDA502,Mental and behavioural disorders due to alcohol,RTOALLNB,Per 100 000 population,SWE,Sweden,2016,2016,205.7,,
DICDA502,Mental and behavioural disorders due to alcohol,RTOALLNB,Per 100 000 population,SWE,Sweden,2017,2017,182,,
DICDA502,Mental and behavioural disorders due to alcohol,RTOALLNB,Per 100 000 population,SWE,Sweden,2018,2018,188.9,,
DICDA502,Mental and behavioural disorders due to alcohol,RTOALLNB,Per 100 000 population,SWE,Sweden,2019,2019,174.2,,
DICDA502,Mental and behavioural disorders due to alcohol,RTOALLNB,Per 100 000 population,SWE,Sweden,2020,2020,162.1,,
DICDA502,Mental and behavioural disorders due to alcohol,RTOALLNB,Per 100 000 population,CHE,Switzerland,2002,2002,154.5,,
DICDA502,Mental and behavioural disorders due to alcohol,RTOALLNB,Per 100 000 population,CHE,Switzerland,2003,2003,147.4,,
DICDA502,Mental and behavioural disorders due to alcohol,RTOALLNB,Per 100 000 population,CHE,Switzerland,2004,2004,154.4,,
DICDA502,Mental and behavioural disorders due to alcohol,RTOALLNB,Per 100 000 population,CHE,Switzerland,2005,2005,148.8,,
DICDA502,Mental and behavioural disorders due to alcohol,RTOALLNB,Per 100 000 population,CHE,Switzerland,2006,2006,159.5,,
DICDA502,Mental and behavioural disorders due to alcohol,RTOALLNB,Per 100 000 population,CHE,Switzerland,2007,2007,168.7,,
DICDA502,Mental and behavioural disorders due to alcohol,RTOALLNB,Per 100 000 population,CHE,Switzerland,2008,2008,178.3,,
DICDA502,Mental and behavioural disorders due to alcohol,RTOALLNB,Per 100 000 population,CHE,Switzerland,2009,2009,183.8,,
DICDA502,Mental and behavioural disorders due to alcohol,RTOALLNB,Per 100 000 population,CHE,Switzerland,2010,2010,201.2,,
DICDA502,Mental and behavioural disorders due to alcohol,RTOALLNB,Per 100 000 population,CHE,Switzerland,2011,2011,206.9,,
DICDA502,Mental and behavioural disorders due to alcohol,RTOALLNB,Per 100 000 population,CHE,Switzerland,2012,2012,194.2,,
DICDA502,Mental and behavioural disorders due to alcohol,RTOALLNB,Per 100 000 population,CHE,Switzerland,2013,2013,194.5,,
DICDA502,Mental and behavioural disorders due to alcohol,RTOALLNB,Per 100 000 population,CHE,Switzerland,2014,2014,195.2,,
DICDA502,Mental and behavioural disorders due to alcohol,RTOALLNB,Per 100 000 population,CHE,Switzerland,2015,2015,188.7,,
DICDA502,Mental and behavioural disorders due to alcohol,RTOALLNB,Per 100 000 population,CHE,Switzerland,2016,2016,187.1,,
DICDA502,Mental and behavioural disorders due to alcohol,RTOALLNB,Per 100 000 population,CHE,Switzerland,2017,2017,187.7,,
DICDA502,Mental and behavioural disorders due to alcohol,RTOALLNB,Per 100 000 population,CHE,Switzerland,2018,2018,183.3,,
DICDA502,Mental and behavioural disorders due to alcohol,RTOALLNB,Per 100 000 population,CHE,Switzerland,2019,2019,195.1,,
DICDA502,Mental and behavioural disorders due to alcohol,RTOALLNB,Per 100 000 population,CHE,Switzerland,2020,2020,191.7,,
DICDA502,Mental and behavioural disorders due to alcohol,RTOALLNB,Per 100 000 population,TUR,Türkiye,2011,2011,7.9,,
DICDA502,Mental and behavioural disorders due to alcohol,RTOALLNB,Per 100 000 population,TUR,Türkiye,2012,2012,7.9,,
DICDA502,Mental and behavioural disorders due to alcohol,RTOALLNB,Per 100 000 population,TUR,Türkiye,2013,2013,7.4,,
DICDA502,Mental and behavioural disorders due to alcohol,RTOALLNB,Per 100 000 population,TUR,Türkiye,2014,2014,6.8,,
DICDA502,Mental and behavioural disorders due to alcohol,RTOALLNB,Per 100 000 population,TUR,Türkiye,2015,2015,6.8,,
DICDA502,Mental and behavioural disorders due to alcohol,RTOALLNB,Per 100 000 population,TUR,Türkiye,2016,2016,6.5,,
DICDA502,Mental and behavioural disorders due to alcohol,RTOALLNB,Per 100 000 population,TUR,Türkiye,2017,2017,6.9,,
DICDA502,Mental and behavioural disorders due to alcohol,RTOALLNB,Per 100 000 population,TUR,Türkiye,2018,2018,7.1,,
DICDA502,Mental and behavioural disorders due to alcohol,RTOALLNB,Per 100 000 population,GBR,United Kingdom,2000,2000,55.3,,
DICDA502,Mental and behavioural disorders due to alcohol,RTOALLNB,Per 100 000 population,GBR,United Kingdom,2001,2001,55.8,,
DICDA502,Mental and behavioural disorders due to alcohol,RTOALLNB,Per 100 000 population,GBR,United Kingdom,2002,2002,56.3,,
DICDA502,Mental and behavioural disorders due to alcohol,RTOALLNB,Per 100 000 population,GBR,United Kingdom,2003,2003,59,,
DICDA502,Mental and behavioural disorders due to alcohol,RTOALLNB,Per 100 000 population,GBR,United Kingdom,2004,2004,62.6,,
DICDA502,Mental and behavioural disorders due to alcohol,RTOALLNB,Per 100 000 population,GBR,United Kingdom,2005,2005,62.1,,
DICDA502,Mental and behavioural disorders due to alcohol,RTOALLNB,Per 100 000 population,GBR,United Kingdom,2006,2006,64.3,,
DICDA502,Mental and behavioural disorders due to alcohol,RTOALLNB,Per 100 000 population,GBR,United Kingdom,2007,2007,65.8,,
DICDA502,Mental and behavioural disorders due to alcohol,RTOALLNB,Per 100 000 population,GBR,United Kingdom,2008,2008,68.1,,
DICDA502,Mental and behavioural disorders due to alcohol,RTOALLNB,Per 100 000 population,GBR,United Kingdom,2009,2009,71.7,,
DICDA502,Mental and behavioural disorders due to alcohol,RTOALLNB,Per 100 000 population,GBR,United Kingdom,2010,2010,70.4,,
DICDA502,Mental and behavioural disorders due to alcohol,RTOALLNB,Per 100 000 population,GBR,United Kingdom,2011,2011,71.6,,
DICDA502,Mental and behavioural disorders due to alcohol,RTOALLNB,Per 100 000 population,GBR,United Kingdom,2012,2012,68.1,,
DICDA502,Mental and behavioural disorders due to alcohol,RTOALLNB,Per 100 000 population,GBR,United Kingdom,2013,2013,71.3,,
DICDA502,Mental and behavioural disorders due to alcohol,RTOALLNB,Per 100 000 population,GBR,United Kingdom,2014,2014,67.8,,
DICDA502,Mental and behavioural disorders due to alcohol,RTOALLNB,Per 100 000 population,GBR,United Kingdom,2015,2015,66.8,,
DICDA502,Mental and behavioural disorders due to alcohol,RTOALLNB,Per 100 000 population,GBR,United Kingdom,2016,2016,63.8,,
DICDA502,Mental and behavioural disorders due to alcohol,RTOALLNB,Per 100 000 population,GBR,United Kingdom,2018,2018,69.7,,
DICDA502,Mental and behavioural disorders due to alcohol,RTOALLNB,Per 100 000 population,USA,United States,1990,1990,123.6,,
DICDA502,Mental and behavioural disorders due to alcohol,RTOALLNB,Per 100 000 population,USA,United States,1991,1991,120.5,,
DICDA502,Mental and behavioural disorders due to alcohol,RTOALLNB,Per 100 000 population,USA,United States,1992,1992,132.6,,
DICDA502,Mental and behavioural disorders due to alcohol,RTOALLNB,Per 100 000 population,USA,United States,1993,1993,132,,
DICDA502,Mental and behavioural disorders due to alcohol,RTOALLNB,Per 100 000 population,USA,United States,1994,1994,135.7,,
DICDA502,Mental and behavioural disorders due to alcohol,RTOALLNB,Per 100 000 population,USA,United States,1995,1995,132.3,,
DICDA502,Mental and behavioural disorders due to alcohol,RTOALLNB,Per 100 000 population,USA,United States,1996,1996,120.5,,
DICDA502,Mental and behavioural disorders due to alcohol,RTOALLNB,Per 100 000 population,USA,United States,1997,1997,118.8,,
DICDA502,Mental and behavioural disorders due to alcohol,RTOALLNB,Per 100 000 population,USA,United States,1998,1998,112.7,,
DICDA502,Mental and behavioural disorders due to alcohol,RTOALLNB,Per 100 000 population,USA,United States,1999,1999,110.2,,
DICDA502,Mental and behavioural disorders due to alcohol,RTOALLNB,Per 100 000 population,USA,United States,2000,2000,110,,
DICDA502,Mental and behavioural disorders due to alcohol,RTOALLNB,Per 100 000 population,USA,United States,2001,2001,107.6,,
DICDA502,Mental and behavioural disorders due to alcohol,RTOALLNB,Per 100 000 population,USA,United States,2002,2002,113.4,,
DICDA502,Mental and behavioural disorders due to alcohol,RTOALLNB,Per 100 000 population,USA,United States,2003,2003,106.7,,
DICDA502,Mental and behavioural disorders due to alcohol,RTOALLNB,Per 100 000 population,USA,United States,2004,2004,105.7,,
DICDA502,Mental and behavioural disorders due to alcohol,RTOALLNB,Per 100 000 population,USA,United States,2005,2005,107.9,,
DICDA502,Mental and behavioural disorders due to alcohol,RTOALLNB,Per 100 000 population,USA,United States,2006,2006,103.4,,
DICDA502,Mental and behavioural disorders due to alcohol,RTOALLNB,Per 100 000 population,USA,United States,2007,2007,112.7,,
DICDA502,Mental and behavioural disorders due to alcohol,RTOALLNB,Per 100 000 population,USA,United States,2008,2008,89.4,,
DICDA502,Mental and behavioural disorders due to alcohol,RTOALLNB,Per 100 000 population,USA,United States,2009,2009,97.6,,
DICDA502,Mental and behavioural disorders due to alcohol,RTOALLNB,Per 100 000 population,USA,United States,2010,2010,90.2,,
DICDA502,Mental and behavioural disorders due to alcohol,RTOALLNB,Per 100 000 population,CHL,Chile,2001,2001,39.5,,
DICDA502,Mental and behavioural disorders due to alcohol,RTOALLNB,Per 100 000 population,CHL,Chile,2002,2002,34.2,,
DICDA502,Mental and behavioural disorders due to alcohol,RTOALLNB,Per 100 000 population,CHL,Chile,2003,2003,36,,
DICDA502,Mental and behavioural disorders due to alcohol,RTOALLNB,Per 100 000 population,CHL,Chile,2004,2004,35.9,,
DICDA502,Mental and behavioural disorders due to alcohol,RTOALLNB,Per 100 000 population,CHL,Chile,2005,2005,36.4,,
DICDA502,Mental and behavioural disorders due to alcohol,RTOALLNB,Per 100 000 population,CHL,Chile,2006,2006,33.4,,
DICDA502,Mental and behavioural disorders due to alcohol,RTOALLNB,Per 100 000 population,CHL,Chile,2007,2007,29.6,,
DICDA502,Mental and behavioural disorders due to alcohol,RTOALLNB,Per 100 000 population,CHL,Chile,2008,2008,28.5,,
DICDA502,Mental and behavioural disorders due to alcohol,RTOALLNB,Per 100 000 population,CHL,Chile,2009,2009,26.6,,
DICDA502,Mental and behavioural disorders due to alcohol,RTOALLNB,Per 100 000 population,CHL,Chile,2010,2010,22.4,,
DICDA502,Mental and behavioural disorders due to alcohol,RTOALLNB,Per 100 000 population,CHL,Chile,2011,2011,23,,
DICDA502,Mental and behavioural disorders due to alcohol,RTOALLNB,Per 100 000 population,CHL,Chile,2012,2012,22.7,,
DICDA502,Mental and behavioural disorders due to alcohol,RTOALLNB,Per 100 000 population,CHL,Chile,2013,2013,21.8,,
DICDA502,Mental and behavioural disorders due to alcohol,RTOALLNB,Per 100 000 population,CHL,Chile,2014,2014,19.6,,
DICDA502,Mental and behavioural disorders due to alcohol,RTOALLNB,Per 100 000 population,CHL,Chile,2015,2015,18,,
DICDA502,Mental and behavioural disorders due to alcohol,RTOALLNB,Per 100 000 population,CHL,Chile,2016,2016,15.7,,
DICDA502,Mental and behavioural disorders due to alcohol,RTOALLNB,Per 100 000 population,CHL,Chile,2017,2017,14.1,,
DICDA502,Mental and behavioural disorders due to alcohol,RTOALLNB,Per 100 000 population,CHL,Chile,2018,2018,13.4,,
DICDA502,Mental and behavioural disorders due to alcohol,RTOALLNB,Per 100 000 population,CHL,Chile,2019,2019,12.9,,
DICDA502,Mental and behavioural disorders due to alcohol,RTOALLNB,Per 100 000 population,CHL,Chile,2020,2020,10.1,,
DICDA502,Mental and behavioural disorders due to alcohol,RTOALLNB,Per 100 000 population,ISR,Israel,2000,2000,17,,
DICDA502,Mental and behavioural disorders due to alcohol,RTOALLNB,Per 100 000 population,ISR,Israel,2001,2001,14.6,,
DICDA502,Mental and behavioural disorders due to alcohol,RTOALLNB,Per 100 000 population,ISR,Israel,2002,2002,12.6,,
DICDA502,Mental and behavioural disorders due to alcohol,RTOALLNB,Per 100 000 population,ISR,Israel,2003,2003,10.6,,
DICDA502,Mental and behavioural disorders due to alcohol,RTOALLNB,Per 100 000 population,ISR,Israel,2004,2004,11.6,,
DICDA502,Mental and behavioural disorders due to alcohol,RTOALLNB,Per 100 000 population,ISR,Israel,2005,2005,12.5,,
DICDA502,Mental and behavioural disorders due to alcohol,RTOALLNB,Per 100 000 population,ISR,Israel,2006,2006,10.5,,
DICDA502,Mental and behavioural disorders due to alcohol,RTOALLNB,Per 100 000 population,ISR,Israel,2007,2007,11.6,,
DICDA502,Mental and behavioural disorders due to alcohol,RTOALLNB,Per 100 000 population,ISR,Israel,2008,2008,11.7,,
DICDA502,Mental and behavioural disorders due to alcohol,RTOALLNB,Per 100 000 population,ISR,Israel,2009,2009,11.7,,
DICDA502,Mental and behavioural disorders due to alcohol,RTOALLNB,Per 100 000 population,ISR,Israel,2010,2010,11.9,,
DICDA502,Mental and behavioural disorders due to alcohol,RTOALLNB,Per 100 000 population,ISR,Israel,2011,2011,11.4,,
DICDA502,Mental and behavioural disorders due to alcohol,RTOALLNB,Per 100 000 population,ISR,Israel,2012,2012,10,,
DICDA502,Mental and behavioural disorders due to alcohol,RTOALLNB,Per 100 000 population,ISR,Israel,2013,2013,9.2,,
DICDA502,Mental and behavioural disorders due to alcohol,RTOALLNB,Per 100 000 population,ISR,Israel,2014,2014,9,,
DICDA502,Mental and behavioural disorders due to alcohol,RTOALLNB,Per 100 000 population,ISR,Israel,2015,2015,8.9,,
DICDA502,Mental and behavioural disorders due to alcohol,RTOALLNB,Per 100 000 population,ISR,Israel,2016,2016,7.7,,
DICDA502,Mental and behavioural disorders due to alcohol,RTOALLNB,Per 100 000 population,ISR,Israel,2017,2017,7.4,,
DICDA502,Mental and behavioural disorders due to alcohol,RTOALLNB,Per 100 000 population,ISR,Israel,2018,2018,7.9,,
DICDA502,Mental and behavioural disorders due to alcohol,RTOALLNB,Per 100 000 population,ISR,Israel,2019,2019,7.6,,
DICDA502,Mental and behavioural disorders due to alcohol,RTOALLNB,Per 100 000 population,ISR,Israel,2020,2020,7.6,,
DICDA502,Mental and behavioural disorders due to alcohol,RTOALLNB,Per 100 000 population,SVN,Slovenia,1997,1997,21.8,,
DICDA502,Mental and behavioural disorders due to alcohol,RTOALLNB,Per 100 000 population,SVN,Slovenia,1998,1998,23.5,,
DICDA502,Mental and behavioural disorders due to alcohol,RTOALLNB,Per 100 000 population,SVN,Slovenia,1999,1999,22.5,,
DICDA502,Mental and behavioural disorders due to alcohol,RTOALLNB,Per 100 000 population,SVN,Slovenia,2000,2000,23.1,,
DICDA502,Mental and behavioural disorders due to alcohol,RTOALLNB,Per 100 000 population,SVN,Slovenia,2001,2001,24.8,,
DICDA502,Mental and behavioural disorders due to alcohol,RTOALLNB,Per 100 000 population,SVN,Slovenia,2002,2002,20.9,,
DICDA502,Mental and behavioural disorders due to alcohol,RTOALLNB,Per 100 000 population,SVN,Slovenia,2003,2003,19.7,,
DICDA502,Mental and behavioural disorders due to alcohol,RTOALLNB,Per 100 000 population,SVN,Slovenia,2004,2004,124.9,B,Break
DICDA502,Mental and behavioural disorders due to alcohol,RTOALLNB,Per 100 000 population,SVN,Slovenia,2005,2005,105.4,,
DICDA502,Mental and behavioural disorders due to alcohol,RTOALLNB,Per 100 000 population,SVN,Slovenia,2006,2006,120.5,,
DICDA502,Mental and behavioural disorders due to alcohol,RTOALLNB,Per 100 000 population,SVN,Slovenia,2007,2007,125.9,,
DICDA502,Mental and behavioural disorders due to alcohol,RTOALLNB,Per 100 000 population,SVN,Slovenia,2008,2008,125.9,,
DICDA502,Mental and behavioural disorders due to alcohol,RTOALLNB,Per 100 000 population,SVN,Slovenia,2009,2009,119.5,,
DICDA502,Mental and behavioural disorders due to alcohol,RTOALLNB,Per 100 000 population,SVN,Slovenia,2010,2010,117.7,,
DICDA502,Mental and behavioural disorders due to alcohol,RTOALLNB,Per 100 000 population,SVN,Slovenia,2011,2011,115,,
DICDA502,Mental and behavioural disorders due to alcohol,RTOALLNB,Per 100 000 population,SVN,Slovenia,2012,2012,123.5,,
DICDA502,Mental and behavioural disorders due to alcohol,RTOALLNB,Per 100 000 population,SVN,Slovenia,2013,2013,113.7,,
DICDA502,Mental and behavioural disorders due to alcohol,RTOALLNB,Per 100 000 population,SVN,Slovenia,2014,2014,107.1,,
DICDA502,Mental and behavioural disorders due to alcohol,RTOALLNB,Per 100 000 population,SVN,Slovenia,2015,2015,100.8,,
DICDA502,Mental and behavioural disorders due to alcohol,RTOALLNB,Per 100 000 population,SVN,Slovenia,2016,2016,108.2,,
DICDA502,Mental and behavioural disorders due to alcohol,RTOALLNB,Per 100 000 population,SVN,Slovenia,2017,2017,103.5,,
DICDA502,Mental and behavioural disorders due to alcohol,RTOALLNB,Per 100 000 population,SVN,Slovenia,2018,2018,99.8,,
DICDA502,Mental and behavioural disorders due to alcohol,RTOALLNB,Per 100 000 population,SVN,Slovenia,2019,2019,108.5,,
DICDA502,Mental and behavioural disorders due to alcohol,RTOALLNB,Per 100 000 population,SVN,Slovenia,2020,2020,76.2,,
DICDA502,Mental and behavioural disorders due to alcohol,RTOALLNB,Per 100 000 population,LVA,Latvia,2013,2013,480.7,,
DICDA502,Mental and behavioural disorders due to alcohol,RTOALLNB,Per 100 000 population,LVA,Latvia,2014,2014,264.3,,
DICDA502,Mental and behavioural disorders due to alcohol,RTOALLNB,Per 100 000 population,LVA,Latvia,2015,2015,279.5,,
DICDA502,Mental and behavioural disorders due to alcohol,RTOALLNB,Per 100 000 population,LVA,Latvia,2016,2016,478.1,,
DICDA502,Mental and behavioural disorders due to alcohol,RTOALLNB,Per 100 000 population,LVA,Latvia,2017,2017,336.6,,
DICDA502,Mental and behavioural disorders due to alcohol,RTOALLNB,Per 100 000 population,LVA,Latvia,2018,2018,266.5,,
DICDA502,Mental and behavioural disorders due to alcohol,RTOALLNB,Per 100 000 population,LVA,Latvia,2019,2019,268,,
DICDA502,Mental and behavioural disorders due to alcohol,RTOALLNB,Per 100 000 population,LVA,Latvia,2020,2020,220.6,,
DICDA502,Mental and behavioural disorders due to alcohol,RTOALLNB,Per 100 000 population,LTU,Lithuania,2012,2012,262.6,,
DICDA502,Mental and behavioural disorders due to alcohol,RTOALLNB,Per 100 000 population,LTU,Lithuania,2013,2013,272.6,,
DICDA502,Mental and behavioural disorders due to alcohol,RTOALLNB,Per 100 000 population,LTU,Lithuania,2014,2014,262.3,,
DICDA502,Mental and behavioural disorders due to alcohol,RTOALLNB,Per 100 000 population,LTU,Lithuania,2015,2015,284.3,,
DICDA502,Mental and behavioural disorders due to alcohol,RTOALLNB,Per 100 000 population,LTU,Lithuania,2016,2016,269.9,,
DICDA502,Mental and behavioural disorders due to alcohol,RTOALLNB,Per 100 000 population,LTU,Lithuania,2017,2017,260.7,,
DICDA502,Mental and behavioural disorders due to alcohol,RTOALLNB,Per 100 000 population,LTU,Lithuania,2018,2018,254.4,,
DICDA502,Mental and behavioural disorders due to alcohol,RTOALLNB,Per 100 000 population,LTU,Lithuania,2019,2019,254.8,,
DICDA502,Mental and behavioural disorders due to alcohol,RTOALLNB,Per 100 000 population,LTU,Lithuania,2020,2020,178.4,,
DICDA502,Mental and behavioural disorders due to alcohol,RTOALLNB,Per 100 000 population,CRI,Costa Rica,1997,1997,16.3,,
DICDA502,Mental and behavioural disorders due to alcohol,RTOALLNB,Per 100 000 population,CRI,Costa Rica,1998,1998,15.2,,
DICDA502,Mental and behavioural disorders due to alcohol,RTOALLNB,Per 100 000 population,CRI,Costa Rica,1999,1999,16.2,,
DICDA502,Mental and behavioural disorders due to alcohol,RTOALLNB,Per 100 000 population,CRI,Costa Rica,2000,2000,12.3,,
DICDA502,Mental and behavioural disorders due to alcohol,RTOALLNB,Per 100 000 population,CRI,Costa Rica,2001,2001,11.8,,
DICDA502,Mental and behavioural disorders due to alcohol,RTOALLNB,Per 100 000 population,CRI,Costa Rica,2002,2002,12.2,,
DICDA502,Mental and behavioural disorders due to alcohol,RTOALLNB,Per 100 000 population,CRI,Costa Rica,2003,2003,11.1,,
DICDA502,Mental and behavioural disorders due to alcohol,RTOALLNB,Per 100 000 population,CRI,Costa Rica,2004,2004,10.5,,
DICDA502,Mental and behavioural disorders due to alcohol,RTOALLNB,Per 100 000 population,CRI,Costa Rica,2005,2005,10.2,,
DICDA502,Mental and behavioural disorders due to alcohol,RTOALLNB,Per 100 000 population,CRI,Costa Rica,2006,2006,9.2,,
DICDA502,Mental and behavioural disorders due to alcohol,RTOALLNB,Per 100 000 population,CRI,Costa Rica,2007,2007,9.1,,
DICDA502,Mental and behavioural disorders due to alcohol,RTOALLNB,Per 100 000 population,CRI,Costa Rica,2008,2008,8.5,,
DICDA502,Mental and behavioural disorders due to alcohol,RTOALLNB,Per 100 000 population,CRI,Costa Rica,2009,2009,8.2,,
DICDA502,Mental and behavioural disorders due to alcohol,RTOALLNB,Per 100 000 population,CRI,Costa Rica,2010,2010,7.5,,
DICDA502,Mental and behavioural disorders due to alcohol,RTOALLNB,Per 100 000 population,CRI,Costa Rica,2011,2011,7.3,,
DICDA502,Mental and behavioural disorders due to alcohol,RTOALLNB,Per 100 000 population,CRI,Costa Rica,2012,2012,6,,
DICDA502,Mental and behavioural disorders due to alcohol,RTOALLNB,Per 100 000 population,CRI,Costa Rica,2013,2013,6,,
DICDA502,Mental and behavioural disorders due to alcohol,RTOALLNB,Per 100 000 population,CRI,Costa Rica,2014,2014,4.4,,
DICDA502,Mental and behavioural disorders due to alcohol,RTOALLNB,Per 100 000 population,CRI,Costa Rica,2015,2015,4,,
DICDA502,Mental and behavioural disorders due to alcohol,RTOALLNB,Per 100 000 population,CRI,Costa Rica,2016,2016,4.3,,
DICDA502,Mental and behavioural disorders due to alcohol,RTOALLNB,Per 100 000 population,CRI,Costa Rica,2017,2017,3.5,,
DICDA502,Mental and behavioural disorders due to alcohol,RTOALLNB,Per 100 000 population,CRI,Costa Rica,2018,2018,3.3,,
DICDA502,Mental and behavioural disorders due to alcohol,RTOALLNB,Per 100 000 population,CRI,Costa Rica,2019,2019,3,,
DICDA502,Mental and behavioural disorders due to alcohol,RTOALLNB,Per 100 000 population,CRI,Costa Rica,2020,2020,2.8,,
